[
  {
    "author": "David",
    "citations": [
      "http://scholar.google.com/scholar?cites=18065345999263519656&as_sdt=2005&sciodt=0,5&hl=en",
      "http://scholar.google.com/scholar?cites=2452234762995624220&as_sdt=2005&sciodt=0,5&hl=en",
      "http://scholar.google.com/scholar?cites=9352023548236448394&as_sdt=2005&sciodt=0,5&hl=en",
      "http://scholar.google.com/scholar?cites=3568744204667041340&as_sdt=2005&sciodt=0,5&hl=en",
      "http://scholar.google.com/scholar?cites=11384785691297051356&as_sdt=2005&sciodt=0,5&hl=en"
    ],
    "id": "polar.usc.edu/0A0B11B2CE3BB88DCE6C3685B9CF74FF8466FF20C5434A82AC17044F458AF937",
    "year": 2007
  },
  {
    "author": "James",
    "citations": [
      "http://scholar.google.com/scholar?cites=7235060118411169869&as_sdt=2005&sciodt=0,5&hl=en",
      "http://scholar.google.com/scholar?cites=15586041496637424233&as_sdt=2005&sciodt=0,5&hl=en",
      "http://scholar.google.com/scholar?cites=17363790692401296408&as_sdt=2005&sciodt=0,5&hl=en",
      "http://scholar.google.com/scholar?cites=11831793209075916664&as_sdt=2005&sciodt=0,5&hl=en",
      "http://scholar.google.com/scholar?cites=112468429181556253&as_sdt=2005&sciodt=0,5&hl=en",
      "http://scholar.google.com/scholar?cites=1293760705319647385&as_sdt=2005&sciodt=0,5&hl=en"
    ],
    "id": "polar.usc.edu/0A0A834893FA2562D8D41CDA938C04E6B63ED4399A33662633AA2F3B1AC9A815",
    "year": 1990
  },
  {
    "author": "Carey",
    "citations": [
      "http://scholar.google.com/scholar?cites=2965544362449541499&as_sdt=2005&sciodt=0,5&hl=en",
      "http://scholar.google.com/scholar?cites=8942348925320485334&as_sdt=2005&sciodt=0,5&hl=en",
      "http://scholar.google.com/scholar?cites=16379521149586396185&as_sdt=2005&sciodt=0,5&hl=en",
      "http://scholar.google.com/scholar?cites=15979880552459116268&as_sdt=2005&sciodt=0,5&hl=en",
      "http://scholar.google.com/scholar?cites=14686920500813169805&as_sdt=2005&sciodt=0,5&hl=en",
      "http://scholar.google.com/scholar?cites=213854333852270368&as_sdt=2005&sciodt=0,5&hl=en",
      "http://scholar.google.com/scholar?cites=8248451236046148947&as_sdt=2005&sciodt=0,5&hl=en"
    ],
    "id": "polar.usc.edu/0A0C86AA61247EE30B133B03A532289EDE4DFA1C7D1591BE1DFB9A41A51F5862",
    "year": 2001
  },
  {
    "author": "Chin",
    "citations": [
      "http://scholar.google.com/scholar?cites=9086873906906632172&as_sdt=2005&sciodt=0,5&hl=en",
      "http://scholar.google.com/scholar?cites=4174229611848755932&as_sdt=2005&sciodt=0,5&hl=en",
      "http://scholar.google.com/scholar?cites=12451845586019465210&as_sdt=2005&sciodt=0,5&hl=en"
    ],
    "id": "polar.usc.edu/0A0D9B558F3F5CF6246C099B5830A8A14F9877E72AC7DFAEF93F8CF24C226CD7",
    "year": 1997
  }
]