[
  {
    "Audio Bits Per Sample": 16,
    "Audio Channels": 2,
    "Audio Format": "mp4a",
    "Audio Sample Rate": 22050,
    "Average Bitrate": 0,
    "Avg Bitrate": "1.26 Mbps",
    "Balance": 0,
    "Bit Depth": 24,
    "Buffer Size": 0,
    "Compatible Brands": "mp41",
    "Compressor ID": "avc1",
    "Compressor Name": "h264",
    "Content Create Date": "created.with.SUPER(C).v2006.19",
    "Content Create Date (ja)": "created.with.SUPER(C).v2006.19",
    "Content-Type": "video/mp4",
    "Create Date": "2006:12:17 18:50:47",
    "Current Time": "0 s",
    "Duration": "0:59:19",
    "Elementary Stream Track": "201 101",
    "ExifTool Version Number": 9.72,
    "File Access Date/Time": "2015:05:25 21:20:47-07:00",
    "File Inode Change Date/Time": "2015:05:25 21:20:46-07:00",
    "File Modification Date/Time": "2015:05:25 21:20:46-07:00",
    "File Name": "apache-tika-3052147227532168299.tmp",
    "File Permissions": "rw-r--r--",
    "File Size": "338 MB",
    "File Type": "MP4",
    "Graphics Mode": "srcCopy",
    "Handler Description": "GPAC MPEG-4 BIFS Handler",
    "Handler Type": "Metadata",
    "Handler Vendor ID": "Apple",
    "Image Height": 480,
    "Image Size": "640x480",
    "Image Width": 640,
    "MIME Type": "video",
    "Major Brand": "MP4 v2 [ISO 14496-14]",
    "Matrix Structure": "1 0 0 0 1 0 0 0 1",
    "Max Bitrate": 0,
    "Media Create Date": "2008:12:19 20:07:48",
    "Media Duration": "1.00 s",
    "Media Header Version": 0,
    "Media Language Code": "und",
    "Media Modify Date": "2006:12:16 20:07:48",
    "Media Time Scale": 90000,
    "Minor Version": "0.0.1",
    "Modify Date": "2006:12:17 18:50:47",
    "Movie Data Offset": 473003,
    "Movie Data Size": 353512586,
    "Movie Header Version": 0,
    "Next Track ID": 201,
    "Op Color": "0 0 0",
    "Other Format": "mp4s",
    "Poster Time": "0 s",
    "Preferred Rate": 1,
    "Preferred Volume": 100,
    "Preview Duration": "0 s",
    "Preview Time": "0 s",
    "Rotation": 0,
    "Selection Duration": "0 s",
    "Selection Time": "0 s",
    "Source Image Height": 480,
    "Source Image Width": 720,
    "Time Scale": 90000,
    "Title": "0FA9C43B1C6C065582CC9A83C2330E3A1911579F4CB039B49F17F5988AD606A4",
    "Title (ja)": "0FA9C43B1C6C065582CC9A83C2330E3A1911579F4CB039B49F17F5988AD606A4",
    "Track Create Date": "2007:12:19 18:50:47",
    "Track Duration": "0:59:19",
    "Track Header Version": 0,
    "Track ID": 201,
    "Track Layer": 0,
    "Track Modify Date": "2000:11:16 20:07:48",
    "Track Volume": 0,
    "Vendor ID": "FFmpeg",
    "Video Frame Rate": 30,
    "X Resolution": 65,
    "X-Parsed-By": [
      "org.apache.tika.parser.CompositeParser",
      "org.apache.tika.parser.external.CompositeExternalParser",
      "org.apache.tika.parser.external.ExternalParser"
    ],
    "X-TIKA:parse_time_millis": 3030,
    "Y Resolution": 46,
    "resourceName": "0FA9C43B1C6C065582CC9A83C2330E3A1911579F4CB039B49F17F5988AD606A4"
  },
  {
    "Audio Bits Per Sample": 16,
    "Audio Channels": 2,
    "Audio Format": "mp4a",
    "Audio Sample Rate": 22050,
    "Average Bitrate": 0,
    "Avg Bitrate": "1.26 Mbps",
    "Balance": 0,
    "Bit Depth": 24,
    "Buffer Size": 0,
    "Compatible Brands": "mp41",
    "Compressor ID": "avc1",
    "Compressor Name": "h264",
    "Content Create Date": "created.with.SUPER(C).v2006.19",
    "Content Create Date (ja)": "created.with.SUPER(C).v2006.19",
    "Content-Type": "video/mp4",
    "Create Date": "2006:12:17 18:50:47",
    "Current Time": "0 s",
    "Duration": "0:37:19",
    "Elementary Stream Track": "201 101",
    "ExifTool Version Number": 9.72,
    "File Access Date/Time": "2015:05:25 21:20:47-07:00",
    "File Inode Change Date/Time": "2015:05:25 21:20:46-07:00",
    "File Modification Date/Time": "2015:05:25 21:20:46-07:00",
    "File Name": "apache-tika-3052147227532168299.tmp",
    "File Permissions": "rw-r--r--",
    "File Size": "338 MB",
    "File Type": "MP4",
    "Graphics Mode": "srcCopy",
    "Handler Description": "GPAC MPEG-4 BIFS Handler",
    "Handler Type": "Metadata",
    "Handler Vendor ID": "Apple",
    "Image Height": 480,
    "Image Size": "640x480",
    "Image Width": 640,
    "MIME Type": "video",
    "Major Brand": "MP4 v2 [ISO 14496-14]",
    "Matrix Structure": "1 0 0 0 1 0 0 0 1",
    "Max Bitrate": 0,
    "Media Create Date": "2006:12:16 20:07:48",
    "Media Duration": "1.00 s",
    "Media Header Version": 0,
    "Media Language Code": "und",
    "Media Modify Date": "2006:12:16 20:07:48",
    "Media Time Scale": 90000,
    "Minor Version": "0.0.1",
    "Modify Date": "2006:12:17 18:50:47",
    "Movie Data Offset": 473003,
    "Movie Data Size": 353512586,
    "Movie Header Version": 0,
    "Next Track ID": 201,
    "Op Color": "0 0 0",
    "Other Format": "mp4s",
    "Poster Time": "0 s",
    "Preferred Rate": 1,
    "Preferred Volume": 100,
    "Preview Duration": "0 s",
    "Preview Time": "0 s",
    "Rotation": 0,
    "Selection Duration": "0 s",
    "Selection Time": "0 s",
    "Source Image Height": 480,
    "Source Image Width": 720,
    "Time Scale": 90000,
    "Title": "653D08EB658F65C985CAC03793FEAEB43A5DBDD1C55AB4AB28F9D0AF5A1D5ED9",
    "Title (ja)": "653D08EB658F65C985CAC03793FEAEB43A5DBDD1C55AB4AB28F9D0AF5A1D5ED9",
    "Track Create Date": "2006:12:17 18:50:47",
    "Track Duration": "0:37:19",
    "Track Header Version": 0,
    "Track ID": 201,
    "Track Layer": 0,
    "Track Modify Date": "2006:12:16 20:07:48",
    "Track Volume": 0,
    "Vendor ID": "FFmpeg",
    "Video Frame Rate": 25,
    "X Resolution": 72,
    "X-Parsed-By": [
      "org.apache.tika.parser.CompositeParser",
      "org.apache.tika.parser.external.CompositeExternalParser",
      "org.apache.tika.parser.external.ExternalParser"
    ],
    "X-TIKA:parse_time_millis": 3638,
    "Y Resolution": 72,
    "resourceName": "653D08EB658F65C985CAC03793FEAEB43A5DBDD1C55AB4AB28F9D0AF5A1D5ED9"
  },
  {
    "Audio Bits Per Sample": 16,
    "Audio Channels": 2,
    "Audio Format": "mp4a",
    "Audio Sample Rate": 22050,
    "Average Bitrate": 0,
    "Avg Bitrate": "1.26 Mbps",
    "Balance": 0,
    "Bit Depth": 24,
    "Buffer Size": 0,
    "Compatible Brands": "mp41",
    "Compressor ID": "avc1",
    "Compressor Name": "h264",
    "Content Create Date": "created.with.SUPER(C).v2006.19",
    "Content Create Date (ja)": "created.with.SUPER(C).v2006.19",
    "Content-Type": "video/mp4",
    "Create Date": "2006:12:17 18:50:47",
    "Current Time": "0 s",
    "Duration": "0:37:19",
    "Elementary Stream Track": "201 101",
    "ExifTool Version Number": 9.72,
    "File Access Date/Time": "2015:05:25 21:20:47-07:00",
    "File Inode Change Date/Time": "2015:05:25 21:20:46-07:00",
    "File Modification Date/Time": "2015:05:25 21:20:46-07:00",
    "File Name": "apache-tika-3052147227532168299.tmp",
    "File Permissions": "rw-r--r--",
    "File Size": "338 MB",
    "File Type": "MP4",
    "Graphics Mode": "srcCopy",
    "Handler Description": "GPAC MPEG-4 BIFS Handler",
    "Handler Type": "Metadata",
    "Handler Vendor ID": "Apple",
    "Image Height": 480,
    "Image Size": "640x480",
    "Image Width": 640,
    "MIME Type": "video",
    "Major Brand": "MP4 v2 [ISO 14496-14]",
    "Matrix Structure": "1 0 0 0 1 0 0 0 1",
    "Max Bitrate": 0,
    "Media Create Date": "2007:12:12 20:08:48",
    "Media Duration": "1.00 s",
    "Media Header Version": 0,
    "Media Language Code": "und",
    "Media Modify Date": "2007:12:12 20:08:48",
    "Media Time Scale": 90000,
    "Minor Version": "0.0.1",
    "Modify Date": "2006:12:17 18:50:47",
    "Movie Data Offset": 473003,
    "Movie Data Size": 353512586,
    "Movie Header Version": 0,
    "Next Track ID": 201,
    "Op Color": "0 0 0",
    "Other Format": "mp4s",
    "Poster Time": "0 s",
    "Preferred Rate": 1,
    "Preferred Volume": 100,
    "Preview Duration": "0 s",
    "Preview Time": "0 s",
    "Rotation": 0,
    "Selection Duration": "0 s",
    "Selection Time": "0 s",
    "Source Image Height": 480,
    "Source Image Width": 720,
    "Time Scale": 90000,
    "Title": "98054DF00C9D27CD299F9DBE9AF3A9AA367FEA5768FFDEBEE4B2D00AC7BA1928",
    "Title (ja)": "98054DF00C9D27CD299F9DBE9AF3A9AA367FEA5768FFDEBEE4B2D00AC7BA1928",
    "Track Create Date": "2006:12:17 18:50:47",
    "Track Duration": "0:37:19",
    "Track Header Version": 0,
    "Track ID": 201,
    "Track Layer": 0,
    "Track Modify Date": "2006:12:16 20:07:48",
    "Track Volume": 0,
    "Vendor ID": "FFmpeg",
    "Video Frame Rate": 35,
    "X Resolution": 72,
    "X-Parsed-By": [
      "org.apache.tika.parser.CompositeParser",
      "org.apache.tika.parser.external.CompositeExternalParser",
      "org.apache.tika.parser.external.ExternalParser"
    ],
    "X-TIKA:parse_time_millis": 3638,
    "Y Resolution": 72,
    "resourceName": "98054DF00C9D27CD299F9DBE9AF3A9AA367FEA5768FFDEBEE4B2D00AC7BA1928"
  },
  {
    "Audio Bits Per Sample": 16,
    "Audio Channels": 2,
    "Audio Format": "mp4a",
    "Audio Sample Rate": 22050,
    "Average Bitrate": 0,
    "Avg Bitrate": "1.26 Mbps",
    "Balance": 0,
    "Bit Depth": 24,
    "Buffer Size": 0,
    "Compatible Brands": "mp41",
    "Compressor ID": "avc1",
    "Compressor Name": "h264",
    "Content Create Date": "created.with.SUPER(C).v2006.19",
    "Content Create Date (ja)": "created.with.SUPER(C).v2006.19",
    "Content-Type": "video/mp4",
    "Create Date": "2006:12:17 18:50:47",
    "Current Time": "0 s",
    "Duration": "0:37:19",
    "Elementary Stream Track": "201 101",
    "ExifTool Version Number": 9.72,
    "File Access Date/Time": "2015:05:25 21:20:47-07:00",
    "File Inode Change Date/Time": "2015:05:25 21:20:46-07:00",
    "File Modification Date/Time": "2015:05:25 21:20:46-07:00",
    "File Name": "apache-tika-3052147227532168299.tmp",
    "File Permissions": "rw-r--r--",
    "File Size": "338 MB",
    "File Type": "MP4",
    "Graphics Mode": "srcCopy",
    "Handler Description": "GPAC MPEG-4 BIFS Handler",
    "Handler Type": "Metadata",
    "Handler Vendor ID": "Apple",
    "Image Height": 480,
    "Image Size": "640x480",
    "Image Width": 640,
    "MIME Type": "video",
    "Major Brand": "MP4 v2 [ISO 14496-14]",
    "Matrix Structure": "1 0 0 0 1 0 0 0 1",
    "Max Bitrate": 0,
    "Media Create Date": "2006:12:16 20:07:48",
    "Media Duration": "1.00 s",
    "Media Header Version": 0,
    "Media Language Code": "und",
    "Media Modify Date": "2006:12:16 20:07:48",
    "Media Time Scale": 90000,
    "Minor Version": "0.0.1",
    "Modify Date": "2006:12:17 18:50:47",
    "Movie Data Offset": 473003,
    "Movie Data Size": 353512586,
    "Movie Header Version": 0,
    "Next Track ID": 201,
    "Op Color": "0 0 0",
    "Other Format": "mp4s",
    "Poster Time": "0 s",
    "Preferred Rate": 1,
    "Preferred Volume": 100,
    "Preview Duration": "0 s",
    "Preview Time": "0 s",
    "Rotation": 0,
    "Selection Duration": "0 s",
    "Selection Time": "0 s",
    "Source Image Height": 480,
    "Source Image Width": 720,
    "Time Scale": 90000,
    "Title": "C7D5985B64193E61015F63317327AB81FD7AAEF3CCFB5EB73E81CF08FB317ED5",
    "Title (ja)": "C7D5985B64193E61015F63317327AB81FD7AAEF3CCFB5EB73E81CF08FB317ED5",
    "Track Create Date": "2003:02:17 18:50:47",
    "Track Duration": "0:40:10",
    "Track Header Version": 0,
    "Track ID": 201,
    "Track Layer": 0,
    "Track Modify Date": "2003:02:16 11:07:48",
    "Track Volume": 0,
    "Vendor ID": "FFmpeg",
    "Video Frame Rate": 25,
    "X Resolution": 72,
    "X-Parsed-By": [
      "org.apache.tika.parser.CompositeParser",
      "org.apache.tika.parser.external.CompositeExternalParser",
      "org.apache.tika.parser.external.ExternalParser"
    ],
    "X-TIKA:parse_time_millis": 3638,
    "Y Resolution": 72,
    "resourceName": "C7D5985B64193E61015F63317327AB81FD7AAEF3CCFB5EB73E81CF08FB317ED5"
  },
  {
    "Audio Bits Per Sample": 16,
    "Audio Channels": 2,
    "Audio Format": "mp4a",
    "Audio Sample Rate": 22050,
    "Average Bitrate": 0,
    "Avg Bitrate": "1.26 Mbps",
    "Balance": 0,
    "Bit Depth": 24,
    "Buffer Size": 0,
    "Compatible Brands": "mp41",
    "Compressor ID": "avc1",
    "Compressor Name": "h264",
    "Content Create Date": "created.with.SUPER(C).v2006.19",
    "Content Create Date (ja)": "created.with.SUPER(C).v2006.19",
    "Content-Type": "video/mp4",
    "Create Date": "2006:12:17 18:50:47",
    "Current Time": "0 s",
    "Duration": "0:37:19",
    "Elementary Stream Track": "201 101",
    "ExifTool Version Number": 9.72,
    "File Access Date/Time": "2015:05:25 21:20:47-07:00",
    "File Inode Change Date/Time": "2015:05:25 21:20:46-07:00",
    "File Modification Date/Time": "2015:05:25 21:20:46-07:00",
    "File Name": "apache-tika-3052147227532168299.tmp",
    "File Permissions": "rw-r--r--",
    "File Size": "338 MB",
    "File Type": "MP4",
    "Graphics Mode": "srcCopy",
    "Handler Description": "GPAC MPEG-4 BIFS Handler",
    "Handler Type": "Metadata",
    "Handler Vendor ID": "Apple",
    "Image Height": 480,
    "Image Size": "640x480",
    "Image Width": 640,
    "MIME Type": "video",
    "Major Brand": "MP4 v2 [ISO 14496-14]",
    "Matrix Structure": "1 0 0 0 1 0 0 0 1",
    "Max Bitrate": 0,
    "Media Create Date": "2006:12:16 20:07:48",
    "Media Duration": "1.00 s",
    "Media Header Version": 0,
    "Media Language Code": "und",
    "Media Modify Date": "2006:12:16 20:07:48",
    "Media Time Scale": 90000,
    "Minor Version": "0.0.1",
    "Modify Date": "2006:12:17 18:50:47",
    "Movie Data Offset": 473003,
    "Movie Data Size": 353512586,
    "Movie Header Version": 0,
    "Next Track ID": 201,
    "Op Color": "0 0 0",
    "Other Format": "mp4s",
    "Poster Time": "0 s",
    "Preferred Rate": 1,
    "Preferred Volume": 90,
    "Preview Duration": "0 s",
    "Preview Time": "0 s",
    "Rotation": 0,
    "Selection Duration": "0 s",
    "Selection Time": "0 s",
    "Source Image Height": 480,
    "Source Image Width": 720,
    "Time Scale": 90000,
    "Title": "E41489F1411BF40B7C54A745DA82E4589F303CB2CC2AEED3235BF0ADED580598",
    "Title (ja)": "E41489F1411BF40B7C54A745DA82E4589F303CB2CC2AEED3235BF0ADED580598",
    "Track Create Date": "2006:12:17 09:50:27",
    "Track Duration": "0:37:19",
    "Track Header Version": 0,
    "Track ID": 201,
    "Track Layer": 0,
    "Track Modify Date": "2009:12:10 23:17:48",
    "Track Volume": 0,
    "Vendor ID": "FFmpeg",
    "Video Frame Rate": 45,
    "X Resolution": 35,
    "X-Parsed-By": [
      "org.apache.tika.parser.CompositeParser",
      "org.apache.tika.parser.external.CompositeExternalParser",
      "org.apache.tika.parser.external.ExternalParser"
    ],
    "X-TIKA:parse_time_millis": 3638,
    "Y Resolution": 72,
    "resourceName": "E41489F1411BF40B7C54A745DA82E4589F303CB2CC2AEED3235BF0ADED580598"
  },
  {
    "Audio Bits Per Sample": 16,
    "Audio Channels": 2,
    "Audio Format": "mp4a",
    "Audio Sample Rate": 22050,
    "Average Bitrate": 0,
    "Avg Bitrate": "1.26 Mbps",
    "Balance": 0,
    "Bit Depth": 24,
    "Buffer Size": 0,
    "Compatible Brands": "mp41",
    "Compressor ID": "avc1",
    "Compressor Name": "h264",
    "Content Create Date": "created.with.SUPER(C).v2006.19",
    "Content Create Date (ja)": "created.with.SUPER(C).v2006.19",
    "Content-Type": "video/mp4",
    "Create Date": "2006:12:17 18:50:47",
    "Current Time": "0 s",
    "Duration": "0:37:19",
    "Elementary Stream Track": "201 101",
    "ExifTool Version Number": 9.72,
    "File Access Date/Time": "2015:05:25 21:20:47-07:00",
    "File Inode Change Date/Time": "2015:05:25 21:20:46-07:00",
    "File Modification Date/Time": "2015:05:25 21:20:46-07:00",
    "File Name": "apache-tika-3052147227532168299.tmp",
    "File Permissions": "rw-r--r--",
    "File Size": "338 MB",
    "File Type": "MP4",
    "Graphics Mode": "srcCopy",
    "Handler Description": "GPAC MPEG-4 BIFS Handler",
    "Handler Type": "Metadata",
    "Handler Vendor ID": "Apple",
    "Image Height": 480,
    "Image Size": "640x480",
    "Image Width": 640,
    "MIME Type": "video",
    "Major Brand": "MP4 v2 [ISO 14496-14]",
    "Matrix Structure": "1 0 0 0 1 0 0 0 1",
    "Max Bitrate": 0,
    "Media Create Date": "2012:12:12 21:07:37",
    "Media Duration": "1.00 s",
    "Media Header Version": 0,
    "Media Language Code": "und",
    "Media Modify Date": "2012:12:12 21:07:37",
    "Media Time Scale": 90000,
    "Minor Version": "0.0.1",
    "Modify Date": "2006:12:17 18:50:47",
    "Movie Data Offset": 473003,
    "Movie Data Size": 353512586,
    "Movie Header Version": 0,
    "Next Track ID": 201,
    "Op Color": "0 0 0",
    "Other Format": "mp4s",
    "Poster Time": "0 s",
    "Preferred Rate": 1,
    "Preferred Volume": 100,
    "Preview Duration": "0 s",
    "Preview Time": "0 s",
    "Rotation": 0,
    "Selection Duration": "0 s",
    "Selection Time": "0 s",
    "Source Image Height": 480,
    "Source Image Width": 720,
    "Time Scale": 90000,
    "Title": "0FA9C43B1C6C065582CC9A83C2330E3A1911579F4CB039B49F17F5988AD606A4",
    "Title (ja)": "0FA9C43B1C6C065582CC9A83C2330E3A1911579F4CB039B49F17F5988AD606A4",
    "Track Create Date": "2006:12:17 4:50:11",
    "Track Duration": "0:37:19",
    "Track Header Version": 0,
    "Track ID": 201,
    "Track Layer": 0,
    "Track Modify Date": "2012:12:12 20:07:48",
    "Track Volume": 0,
    "Vendor ID": "FFmpeg",
    "Video Frame Rate": 60,
    "X Resolution": 72,
    "X-Parsed-By": [
      "org.apache.tika.parser.CompositeParser",
      "org.apache.tika.parser.external.CompositeExternalParser",
      "org.apache.tika.parser.external.ExternalParser"
    ],
    "X-TIKA:parse_time_millis": 3638,
    "Y Resolution": 72,
    "resourceName": "0FA9C43B1C6C065582CC9A83C2330E3A1911579F4CB039B49F17F5988AD606A4"
  }
]