{"WA": {"text/plain": 41, "text/html": 86}, "WI": {"text/plain": 2, "text/html": 14}, "HI": {"text/plain": 1, "text/html": 10}, "FL": {"text/plain": 7, "text/html": 20}, "NJ": {"text/plain": 4, "text/html": 40}, "LA": {"text/plain": 8, "text/html": 18}, "NC": {"text/plain": 10, "text/html": 12}, "ND": {"text/plain": 4, "text/html": 7}, "TN": {"text/plain": 1, "text/html": 53}, "NY": {"text/plain": 17, "text/html": 29}, "CA": {"text/plain": 49, "text/html": 204}, "NV": {"text/plain": 10, "text/html": 2}, "CO": {"text/plain": 39, "text/html": 81}, "AK": {"text/plain": 412, "text/html": 327}, "AL": {"text/plain": 7, "text/html": 11}, "AR": {"text/plain": 8, "text/html": 8}, "GA": {"text/plain": 55, "text/html": 4}, "IA": {"text/plain": 15, "text/html": 43}, "MA": {"text/html": 10}, "AZ": {"text/plain": 12, "text/html": 37}, "ME": {"text/plain": 2, "text/html": 8}, "OK": {"text/plain": 3, "text/html": 23}, "UT": {"text/plain": 12, "text/html": 12}, "MN": {"text/plain": 186, "text/html": 1644}, "MI": {"text/plain": 1, "text/html": 10}, "KS": {"text/plain": 2, "text/html": 9}, "MT": {"text/plain": 8, "text/html": 2}, "SC": {"text/plain": 8, "text/html": 11}, "OR": {"text/plain": 6, "text/html": 7}}