{"polar.usc.edu/FEA40406D76AF8626136678B082A2024C5061E3BCFEC7871AE32D75F10D594FB" :[{"value" : "1","unit" : "day","category" : "time"}],"polar.usc.edu/FEA589D4D056311CDE4921CCC7C9960BE9BD4D7817A230CB092DE7E44BE76F0A" :[{"value" : "12","unit" : "hour","category" : "time"}],"polar.usc.edu/FEA6183975E998EB049D95A3131AF3A8DC668A47488223D1A58825FE3E091C78" :[{"value" : "10","unit" : "cm","category" : "length"}],"polar.usc.edu/FEA794022585E59AC435C8B9541E6B57F42F1C94902AC3FB145D4223EF1B9A65" :[{"value" : "200","unit" : "year","category" : "time"},{"value" : "700","unit" : "year","category" : "time"},{"value" : "10","unit" : "year","category" : "time"},{"value" : "200","unit" : "year","category" : "time"},{"value" : "700","unit" : "year","category" : "time"},{"value" : "10","unit" : "year","category" : "time"}],"polar.usc.edu/FEA7BCF85984819D94DDE6A1594681048A5D87AD00FF576FC1F6295ADACA3CE2" :[{"value" : "1","unit" : "km","category" : "length"},{"value" : "1","unit" : "km","category" : "length"},{"value" : "1","unit" : "km","category" : "length"}],"polar.usc.edu/FEAABEA7401F096313E729523B9921E4FFEAEE9619B1719BCA0A6CF7DDFA8B31" :[{"value" : "10","unit" : "inches","category" : "length"}],"polar.usc.edu/FEACC6F0B66F61BB5420FC0B7324762C2EC303EBBBD7010FF63400FB1CAB645E" :[{"value" : "2330","unit" : "km","category" : "length"},{"value" : "2330","unit" : "km","category" : "length"},{"value" : "2330","unit" : "km","category" : "length"},{"value" : "250","unit" : "meter","category" : "length"},{"value" : "500","unit" : "meter","category" : "length"},{"value" : "1","unit" : "km","category" : "length"},{"value" : "2330","unit" : "km","category" : "length"},{"value" : "1","unit" : "degree","category" : "temperature"},{"value" : "2330","unit" : "km","category" : "length"},{"value" : "8","unit" : "day","category" : "time"},{"value" : "8","unit" : "day","category" : "time"},{"value" : "8","unit" : "day","category" : "time"},{"value" : "8","unit" : "day","category" : "time"},{"value" : "8","unit" : "day","category" : "time"},{"value" : "8","unit" : "day","category" : "time"}],"polar.usc.edu/FEACF89FB41B550F1C53E4D344F7D001EC0D4192150B7BE6248C5CB3EC72C77C" :[{"value" : "1","unit" : "meter","category" : "length"}],"polar.usc.edu/FEAE32C1C7414427AE43F1CA9325746615793D7B91D248D09696F016C664209F" :[{"value" : "1","unit" : "month","category" : "time"}],"polar.usc.edu/FEAFED1CEC2A73888813254A6220EE7E8DA5C254B790B5B1D8C438EEE6A04002" :[{"value" : "2","unit" : "litre","category" : "volume"}],"polar.usc.edu/FEB3440094C8851FC892FAED56E04735FD7641BADAA1F4D4414FE3CD901155E8" :[{"value" : "1","unit" : "degree","category" : "temperature"}],"polar.usc.edu/FEB36F18FD47DCDB56778BFD27A57F0FC644E2C2744F15CDC0DB77490304A0FC" :[{"value" : "5","unit" : "second","category" : "time"},{"value" : "5","unit" : "second","category" : "time"},{"value" : "1","unit" : "second","category" : "time"},{"value" : "1","unit" : "minute","category" : "time"}],"polar.usc.edu/FEB421A48D125D8E6CA7472A4C219D146A38CB7165A8F6A38B07E42CF4BAFA74" :[{"value" : "1","unit" : "week","category" : "time"}],"polar.usc.edu/FEB432AB8443E1081F18B007FF5DD4883949C0D98FFB145CE4C74FD35AD1FEBA" :[{"value" : "3","unit" : "year","category" : "time"}],"polar.usc.edu/FEB5A42D539168FC1982FC45D5200604BAE6DC9ADF91C8A9319CB5A2B3A34B95" :[{"value" : "25","unit" : "km","category" : "length"},{"value" : "25","unit" : "km","category" : "length"},{"value" : "25","unit" : "km","category" : "length"},{"value" : "25","unit" : "km","category" : "length"},{"value" : "25","unit" : "km","category" : "length"},{"value" : "25","unit" : "km","category" : "length"},{"value" : "25","unit" : "km","category" : "length"},{"value" : "25","unit" : "km","category" : "length"},{"value" : "25","unit" : "km","category" : "length"},{"value" : "25","unit" : "km","category" : "length"},{"value" : "25","unit" : "km","category" : "length"},{"value" : "25","unit" : "km","category" : "length"},{"value" : "25","unit" : "km","category" : "length"},{"value" : "25","unit" : "km","category" : "length"},{"value" : "25","unit" : "km","category" : "length"}],"polar.usc.edu/FEB5A81887B740C7B09EB1F0F80B22D88CBB78B352AD2016B03113B4E384765A" :[{"value" : "5","unit" : "km","category" : "length"},{"value" : "5","unit" : "km","category" : "length"},{"value" : "5","unit" : "km","category" : "length"},{"value" : "1","unit" : "km","category" : "length"},{"value" : "1","unit" : "km","category" : "length"},{"value" : "1","unit" : "minute","category" : "time"},{"value" : "1","unit" : "hour","category" : "time"}],"polar.usc.edu/FEB5ABEF10AFB06A7E06E2F18ADD6F6CE6F252393CC6321119749531F5DF06E5" :[{"value" : "500","unit" : "c","category" : "temperature"}],"polar.usc.edu/FEB65CB3AE0DC100F868A50E9A9A8470D04EBA2EB75668ADE696E7CEFEBB77E1" :[{"value" : "25","unit" : "km","category" : "length"},{"value" : "25","unit" : "km","category" : "length"},{"value" : "5","unit" : "km","category" : "length"},{"value" : "100","unit" : "km","category" : "length"},{"value" : "1","unit" : "km","category" : "length"}],"polar.usc.edu/FEB82CB1704EF546A3850A619BB6526C1FA82B28AA9B4C43EF1FE8AEDEA7D11C" :[{"value" : "1","unit" : "month","category" : "time"},{"value" : "1","unit" : "month","category" : "time"},{"value" : "1","unit" : "month","category" : "time"}],"polar.usc.edu/FEB8D39B58D9B60D730C7A9847BA77B53ADC796FBFC7043D9196253F2E215E33" :[{"value" : "15","unit" : "year","category" : "time"},{"value" : "15","unit" : "year","category" : "time"}],"polar.usc.edu/FEB8FF38DB8CD7BFECF57282AC53B9849B8640D36027E723E89BEAA703ED88FC" :[{"value" : "50","unit" : "mile","category" : "length"},{"value" : "15","unit" : "feet","category" : "length"}],"polar.usc.edu/FEBA4781A644991CE4D0A617B60C1782810B3D53D94B2CA4BBCAC3F0293DA9F7" :[{"value" : "1","unit" : "meter","category" : "length"},{"value" : "1","unit" : "meter","category" : "length"}],"polar.usc.edu/FEBAA44DB908333A37D89910C14B823506CAB62DA13F8FA9553F108C045C22F9" :[{"value" : "80","unit" : "cm","category" : "length"},{"value" : "5","unit" : "km","category" : "length"}],"polar.usc.edu/FEBAFB3A1527563475EF8E6B2D58E17C52EDCA71166DC6E735330529F009CACB" :[{"value" : "1849","unit" : "c","category" : "temperature"}],"polar.usc.edu/FEBDD05A084C87E25CABFFECB6FCAF08128DBED8F54B34F2568D36A4FD1A1C16" :[{"value" : "4","unit" : "year","category" : "time"}],"polar.usc.edu/FEBF722AF0CC7252CCECD4AF29D3C4052895A477FED5554519A45BD5DD0D71A4" :[{"value" : "19","unit" : "year","category" : "time"},{"value" : "17","unit" : "year","category" : "time"},{"value" : "48","unit" : "year","category" : "time"}],"polar.usc.edu/FEC0597E29C72A4048E37836681A084161FED9BAC04358323BA5D19FD1C74B3E" :[{"value" : "90","unit" : "meter","category" : "length"}],"polar.usc.edu/FEC434875C739B68C3BF7D9023F80D4EAC0B9B381D99468232C46C0AC6343654" :[{"value" : "300","unit" : "km","category" : "length"}],"polar.usc.edu/FEC83BFADD1305E13C21C68AA8DC1746AAAD6C4CBF55DCB24522926A2D395D6F" :[{"value" : "800","unit" : "km","category" : "length"}],"polar.usc.edu/FEC8AAB8F288EFBD7B5918BFEB44261A4DA5F10F1C8EAFEA0343688D860F5D78" :[{"value" : "1","unit" : "day","category" : "time"},{"value" : "1","unit" : "week","category" : "time"},{"value" : "1","unit" : "month","category" : "time"},{"value" : "1","unit" : "week","category" : "time"},{"value" : "1","unit" : "month","category" : "time"},{"value" : "1","unit" : "week","category" : "time"},{"value" : "1","unit" : "month","category" : "time"},{"value" : "1","unit" : "hour","category" : "time"}],"polar.usc.edu/FECC8F86A7E117D5F77D82E968AC5FF96429F50C41E055AB4E66EA996D29A5E8" :[{"value" : "2014","unit" : "year","category" : "time"}],"polar.usc.edu/FECD5BF9B45C4A6D1F0A63A102F850E740DDBEFC17F39CE6FD2FF2F85F137E90" :[{"value" : "2014","unit" : "year","category" : "time"}],"polar.usc.edu/FECF6B44E57310F975466EB101EC803FCB87BDFBB09DE0A70D97F970F6540EE6" :[{"value" : "1","unit" : "degree","category" : "temperature"}],"polar.usc.edu/FED0A7FCF0FCA6A78ACF2B9E245A75E2FA39432B841C980E758FC3F83D4E6B7E" :[{"value" : "100","unit" : "km","category" : "length"}],"polar.usc.edu/FED0D169F7E29E3F88EFB4260AD01952F06C0AC6497BB971ABAFC598DAC52F21" :[{"value" : "280","unit" : "km","category" : "length"},{"value" : "280","unit" : "km","category" : "length"},{"value" : "280","unit" : "km","category" : "length"}],"polar.usc.edu/FED0D3508E7D490DA76FD73A2F5A6B97FA91659D8E26A5905D0F4C7E255CA2ED" :[{"value" : "2","unit" : "minute","category" : "time"}],"polar.usc.edu/FED150C44ECF88F3602205BF45C558F04BDB7C13DE855F55CCE35110625077AC" :[{"value" : "10","unit" : "meter","category" : "length"}],"polar.usc.edu/FED24BE43F285EA698B09AF48606A86E5FEBBBD273C66C2243883133E74883EF" :[{"value" : "90","unit" : "degree","category" : "temperature"},{"value" : "8","unit" : "foot","category" : "length"},{"value" : "8","unit" : "feet","category" : "length"},{"value" : "2","unit" : "feet","category" : "length"},{"value" : "8","unit" : "foot","category" : "length"},{"value" : "4","unit" : "feet","category" : "length"},{"value" : "8","unit" : "foot","category" : "length"},{"value" : "6","unit" : "feet","category" : "length"},{"value" : "8","unit" : "foot","category" : "length"}],"polar.usc.edu/FED461499939CCBDA6E176139C3224D57E7E3DF84A9DAB5B9F7E7A3504551333" :[{"value" : "15","unit" : "year","category" : "time"}],"polar.usc.edu/FED4636178D32CBB99460EA608A1CB67DCAC2C630BDF769F73C9133D269EAC89" :[{"value" : "15","unit" : "inches","category" : "length"},{"value" : "100","unit" : "inches","category" : "length"},{"value" : "180","unit" : "inches","category" : "length"}],"polar.usc.edu/FED5B026123968825A071E7E12BF46BDD8972102FBF9DFBF04EB26031686F10C" :[{"value" : "25","unit" : "km","category" : "length"},{"value" : "70","unit" : "mm","category" : "length"}],"polar.usc.edu/FED990F333E74CDB3FD1AAB5636D20D6A07F96A04128462D9287419150566E2B" :[{"value" : "295","unit" : "kilometers","category" : "length"},{"value" : "295","unit" : "kilometers","category" : "length"}],"polar.usc.edu/FED9D0E2C7FACB212952B41600865483E7FE4AB5A882B15C16379402445C51D5" :[{"value" : "1","unit" : "km","category" : "length"},{"value" : "1","unit" : "meter","category" : "length"}],"polar.usc.edu/FEDA8B81A0731265A4CE91C5FDA8E42FD3BE774D5B6287EDF0BFA01A0CF05AF8" :[{"value" : "095","unit" : "day","category" : "time"},{"value" : "186","unit" : "day","category" : "time"},{"value" : "277","unit" : "day","category" : "time"},{"value" : "002","unit" : "day","category" : "time"},{"value" : "088","unit" : "day","category" : "time"},{"value" : "179","unit" : "day","category" : "time"},{"value" : "270","unit" : "day","category" : "time"},{"value" : "360","unit" : "day","category" : "time"},{"value" : "081","unit" : "day","category" : "time"},{"value" : "172","unit" : "day","category" : "time"},{"value" : "263","unit" : "day","category" : "time"},{"value" : "353","unit" : "day","category" : "time"},{"value" : "074","unit" : "day","category" : "time"},{"value" : "165","unit" : "day","category" : "time"},{"value" : "256","unit" : "day","category" : "time"},{"value" : "346","unit" : "day","category" : "time"},{"value" : "067","unit" : "day","category" : "time"},{"value" : "158","unit" : "day","category" : "time"},{"value" : "249","unit" : "day","category" : "time"},{"value" : "339","unit" : "day","category" : "time"},{"value" : "060","unit" : "day","category" : "time"},{"value" : "151","unit" : "day","category" : "time"},{"value" : "242","unit" : "day","category" : "time"},{"value" : "332","unit" : "day","category" : "time"},{"value" : "053","unit" : "day","category" : "time"},{"value" : "144","unit" : "day","category" : "time"},{"value" : "235","unit" : "day","category" : "time"},{"value" : "325","unit" : "day","category" : "time"},{"value" : "046","unit" : "day","category" : "time"},{"value" : "137","unit" : "day","category" : "time"},{"value" : "228","unit" : "day","category" : "time"},{"value" : "3182","unit" : "day","category" : "time"},{"value" : "039","unit" : "day","category" : "time"},{"value" : "130","unit" : "day","category" : "time"},{"value" : "221","unit" : "day","category" : "time"},{"value" : "312","unit" : "day","category" : "time"},{"value" : "032","unit" : "day","category" : "time"},{"value" : "123","unit" : "day","category" : "time"},{"value" : "214","unit" : "day","category" : "time"},{"value" : "305","unit" : "day","category" : "time"},{"value" : "025","unit" : "day","category" : "time"},{"value" : "116","unit" : "day","category" : "time"},{"value" : "207","unit" : "day","category" : "time"},{"value" : "298","unit" : "day","category" : "time"},{"value" : "018","unit" : "day","category" : "time"},{"value" : "109","unit" : "day","category" : "time"},{"value" : "200","unit" : "day","category" : "time"},{"value" : "291","unit" : "day","category" : "time"},{"value" : "011","unit" : "day","category" : "time"},{"value" : "102","unit" : "day","category" : "time"},{"value" : "193","unit" : "day","category" : "time"},{"value" : "284","unit" : "day","category" : "time"}],"polar.usc.edu/FEDB2ABB92FB0D5B8437732586A55AD793D50F1812BA269C2CC97AA8F43C7A50" :[{"value" : "3","unit" : "hour","category" : "time"}],"polar.usc.edu/FEDC2AE2C8AB72744B511CBC06225E9140353C931B47E91B84E329325F251383" :[{"value" : "30","unit" : "minute","category" : "time"}],"polar.usc.edu/FEDD52918AA6FE41203EAC692AD1A3A8542289344872E946448D106CE21C05B7" :[{"value" : "9000","unit" : "feet","category" : "length"},{"value" : "9000","unit" : "feet","category" : "length"}],"polar.usc.edu/FEE1452F55B1218A7274D6085FD086E2B9946993BA59609003995418F19F1856" :[{"value" : "1","unit" : "km","category" : "length"},{"value" : "1","unit" : "km","category" : "length"}],"polar.usc.edu/FEE189FDC768884D1603AC79598BBEADB4B90147F8F2F49A5FF6E6533094B50D" :[{"value" : "45","unit" : "second","category" : "time"}],"polar.usc.edu/FEE24E4D202A4347DE4BE7FB0E274C10945B4A3F5B35BEBC35AF62CE3C2937BC" :[{"value" : "8","unit" : "kg","category" : "weight"}],"polar.usc.edu/FEE38A41CE60AC621F6826B6E38B033F33548350D25AB9DB39F8CB5A20027C84" :[{"value" : "38","unit" : "km","category" : "length"}],"polar.usc.edu/FEE460A450F6C62B39C5182BAA0A7C536F488CDF6E6A68CBA214BDE47263D5E1" :[{"value" : "1","unit" : "month","category" : "time"},{"value" : "300","unit" : "month","category" : "time"},{"value" : "7","unit" : "day","category" : "time"}],"polar.usc.edu/FEE4AF29452E762E538CF4CD9525DC33466ABEA27863C4E891CD929B7A71F61D" :[{"value" : "320","unit" : "k","category" : "temperature"},{"value" : "320","unit" : "k","category" : "temperature"}],"polar.usc.edu/FEE53E8BA93E8C13110E7356F09A2BE5C3BBC9299BAF6F31D2438D0F0447AA21" :[{"value" : "31","unit" : "second","category" : "time"}],"polar.usc.edu/FEE576B0EC8BE098EB2F074C4210455B0BEB24B3677843C5A71125C77C925608" :[{"value" : "25","unit" : "km","category" : "length"},{"value" : "5","unit" : "km","category" : "length"}],"polar.usc.edu/FEE7FC5FD21EF99AA005A170976B2C4044D0D31D3E8BCE7F2C5897EDED53F701" :[{"value" : "1","unit" : "day","category" : "time"},{"value" : "1","unit" : "day","category" : "time"},{"value" : "1","unit" : "hour","category" : "time"}],"polar.usc.edu/FEE906E422D379F37F7A67DE71A4375BF4D20E99748E2D683AF74180F5A80AEF" :[{"value" : "1","unit" : "week","category" : "time"},{"value" : "1","unit" : "week","category" : "time"}],"polar.usc.edu/FEE99B936CE662F728B8F0C678FF1FAFA438F5B04A430D7D3E032B6757E23490" :[{"value" : "1","unit" : "meter","category" : "length"}],"polar.usc.edu/FEEA1B03FA627DB42785F888A6F9471B97EFFB809805E0F4D3BCC1488987883A" :[{"value" : "16","unit" : "mm","category" : "length"}],"polar.usc.edu/FEEAD62C45426502927CBEC6610E9C2F918FA51A39F9663FD8323FF1D4DC5080" :[{"value" : "300","unit" : "km","category" : "length"},{"value" : "300","unit" : "km","category" : "length"},{"value" : "300","unit" : "km","category" : "length"},{"value" : "300","unit" : "km","category" : "length"},{"value" : "300","unit" : "km","category" : "length"},{"value" : "300","unit" : "km","category" : "length"},{"value" : "300","unit" : "km","category" : "length"},{"value" : "300","unit" : "km","category" : "length"}],"polar.usc.edu/FEEB95458AC42F1DC3EFD2E0B5444B1A2ADE8B03A912EA8869465212F94D705A" :[{"value" : "1","unit" : "hour","category" : "time"}],"polar.usc.edu/FEEBE22E37AA72B56C2C46F79E5FCE2CE3CD56D9F8650C1D687C91D8C0B00DAB" :[{"value" : "1100","unit" : "km","category" : "length"},{"value" : "1","unit" : "km","category" : "length"},{"value" : "1","unit" : "km","category" : "length"}],"polar.usc.edu/FEED5747C9B4164B5F22196B80E07F20FD1238712DBBBFF6051F9D4B6746B04D" :[{"value" : "171","unit" : "second","category" : "time"}],"polar.usc.edu/FEED8868EC75B9DC6EAB4737351EC94BF67DE2D59AB3EDD2F1C2F1CDADB0955F" :[{"value" : "8","unit" : "feet","category" : "length"}],"polar.usc.edu/FEEEA5C7AAE75C255633B6918FF2A543992EC04D56D1992265D1C29F927573D7" :[{"value" : "500","unit" : "km","category" : "length"}],"polar.usc.edu/FEEEF74B6CA3368CE7B4B2CB99CBEDB29CE6FDC4BC7095817D4357E8ED283819" :[{"value" : "3","unit" : "feet","category" : "length"}],"polar.usc.edu/FEEF33E05EF390EA32CE43A1669C56653B7BA84718DB4F354A14C154B0B9D2F3" :[{"value" : "188","unit" : "l","category" : "volume"}],"polar.usc.edu/FEF1538BB6DDB2A4AD58C826F80550A8A288B11B146ED66ED4A9BDD4757A2F14" :[{"value" : "10","unit" : "mile","category" : "length"}],"polar.usc.edu/FEF17F79C399CC915FE5CAC9AF386CF3473EF2B790E925E06C3F047E8FBDE5A3" :[{"value" : "2330","unit" : "km","category" : "length"},{"value" : "2330","unit" : "km","category" : "length"},{"value" : "2330","unit" : "km","category" : "length"}],"polar.usc.edu/FEF2AC60CDEFF55E0C5B2BEE1AEF5D91737EF3634C2BC27BA1F9E109B6C621D1" :[{"value" : "1","unit" : "minute","category" : "time"},{"value" : "1","unit" : "minute","category" : "time"},{"value" : "1","unit" : "hour","category" : "time"}],"polar.usc.edu/FEF47CDA5A9D32F9C6268CFEBC2A8EA976433CE4E77FA53293E4D2DFC324763B" :[{"value" : "400","unit" : "feet","category" : "length"}],"polar.usc.edu/FEF82F3A14CF3759A10EC54F2AEBCA6EF52F10683CF50677A6AEFD54D389F636" :[{"value" : "4","unit" : "feet","category" : "length"}],"polar.usc.edu/FEF9062350FB5B56BA4438BF34010E2952C84906109305376FAD716D60653AE4" :[{"value" : "1","unit" : "year","category" : "time"}],"polar.usc.edu/FEF90BD07A87B8370A04F9ACF38B915DBC85A75C81EEAAB16EAC8ADE5D28591B" :[{"value" : "63","unit" : "feet","category" : "length"},{"value" : "63","unit" : "feet","category" : "length"}],"polar.usc.edu/FEF9EF1704102BE8F0A75572E7B5E3AAF84B15D53D0726445E0A52A5B3B351DF" :[{"value" : "100","unit" : "km","category" : "length"},{"value" : "185","unit" : "km","category" : "length"}],"polar.usc.edu/FEFA744D3FCC88AB2D10BFC0C42C92982EA4E298A077353BA6D8B769B28A7FF6" :[{"value" : "5","unit" : "second","category" : "time"},{"value" : "5","unit" : "second","category" : "time"},{"value" : "1","unit" : "second","category" : "time"},{"value" : "1","unit" : "minute","category" : "time"}],"polar.usc.edu/FEFCFEB7BD551A905918F84BB65873D721D222646ECDB9207B58F0F9AC29757A" :[{"value" : "12","unit" : "feet","category" : "length"}],"polar.usc.edu/FEFD7D031B9AAA8CE5D1EDBD19511D47BF33DF83B3D5301F22C1BB5A1012D1C0" :[{"value" : "15","unit" : "year","category" : "time"},{"value" : "150","unit" : "year","category" : "time"},{"value" : "2014","unit" : "km","category" : "length"}],"polar.usc.edu/FEFE24E0B6AFA74B08266C7639AC5DC2235226EA16BE210F88353BD60F1BF95B" :[{"value" : "16","unit" : "km","category" : "length"},{"value" : "16","unit" : "km","category" : "length"},{"value" : "16","unit" : "km","category" : "length"}],"polar.usc.edu/FEFE9774997521658BAB01BF17D1D8C59F1881FE9AC47C9D3ECB84813D705B8D" :[{"value" : "70","unit" : "mm","category" : "length"},{"value" : "60","unit" : "mm","category" : "length"}],"polar.usc.edu/FEFEF12B2D3AF630E471519633B8DDB5489105A9977C68897C1AA12E04168C23" :[{"value" : "42","unit" : "cm","category" : "length"},{"value" : "2","unit" : "inches","category" : "length"}],"polar.usc.edu/FEFF31199D9DC1FF52BCF528E89A609732B755BBE76FAC94AA14940CA6DAD442" :[{"value" : "2","unit" : "meter","category" : "length"}],"polar.usc.edu/FEFF5EF2D86E46ABFF1B16C02CFBEDEA53B1F1ACB124F3D8562B107C154A94E7" :[{"value" : "5","unit" : "minute","category" : "time"},{"value" : "2","unit" : "minute","category" : "time"},{"value" : "1","unit" : "minute","category" : "time"},{"value" : "2","unit" : "minute","category" : "time"}],"polar.usc.edu/FEFF67ABE77C87E76E3F0ED066EE60DE5FDB3CA02810A2B36474F8FEC91C69CF" :[{"value" : "30","unit" : "day","category" : "time"}],"polar.usc.edu/FEFFFE1ACFB6DC568C3CB24A5F1B514786B0631261CE3C95CE801896F4574457" :[{"value" : "110","unit" : "km","category" : "length"}],"polar.usc.edu/FF005EC6D0702289FBC61C4F87E33D4D767F233A5896607586E2A8E221DFDE9F" :[{"value" : "15","unit" : "year","category" : "time"},{"value" : "150","unit" : "year","category" : "time"},{"value" : "6","unit" : "meter","category" : "length"},{"value" : "906","unit" : "meter","category" : "length"}],"polar.usc.edu/FF00E3FAA350DFEE9B3AC94B1FE07E746E310B55C9E4CA31C63075ABF32AC8A9" :[{"value" : "2014","unit" : "km","category" : "length"}],"polar.usc.edu/FF014B96487497CAE41A806A2067366299C30F26AC7503E9501ECDD7BA665EE3" :[{"value" : "1","unit" : "hour","category" : "time"}],"polar.usc.edu/FF02C9A55CF9BB6A06B1CBBEF4050F6C3A2FC61185D0AD7E68ADC973893A1E41" :[{"value" : "1","unit" : "mm","category" : "length"}],"polar.usc.edu/FF02CD237B51BD88EC357719D684CC2BA101169F71FE1C8E3A7A695D59CCA66B" :[{"value" : "625","unit" : "c","category" : "temperature"}],"polar.usc.edu/FF046C793416371F33E1E1F402475BC5420FCE5C0765FF19D21CA0CB5510710D" :[{"value" : "3","unit" : "mm","category" : "length"},{"value" : "200","unit" : "litre","category" : "volume"},{"value" : "30","unit" : "second","category" : "time"}],"polar.usc.edu/FF04D11E2A289C157B5442C9E4DD04973D09BE2A588D2311491191DCBB93D481" :[{"value" : "1","unit" : "km","category" : "length"},{"value" : "1","unit" : "km","category" : "length"},{"value" : "1","unit" : "km","category" : "length"},{"value" : "1","unit" : "km","category" : "length"}],"polar.usc.edu/FF05015E038A50C31145F9C95AF4C7BA3F73810E57566C12A55C4C51AD96407A" :[{"value" : "10","unit" : "cm","category" : "length"},{"value" : "10","unit" : "cm","category" : "length"},{"value" : "10","unit" : "cm","category" : "length"},{"value" : "10","unit" : "cm","category" : "length"}],"polar.usc.edu/FF05F1829CAF97384D6A3FAFCF9CA5BEFAF85AF93685360278D185DA1636F468" :[{"value" : "1","unit" : "minute","category" : "time"}],"polar.usc.edu/FF0646998295A11513F3A65351A42CCEBEDA28AA2C9CEAAD19C1F251F690C5A3" :[{"value" : "3000","unit" : "feet","category" : "length"},{"value" : "11","unit" : "centimeters","category" : "length"}],"polar.usc.edu/FF077E51F697097370D4385EA20913F6EB9A6163CEEB82E1698094FBE036381F" :[{"value" : "1","unit" : "day","category" : "time"}],"polar.usc.edu/FF082F42C67F7C23CA14C44F99527C2FB7BD1A13A340588357D2EB072C340C33" :[{"value" : "12","unit" : "km","category" : "length"}],"polar.usc.edu/FF086E957CFDB999ABEAE022490E14E8A3E964E8AE8195D6E64B918924CE8DE2" :[{"value" : "1700","unit" : "g","category" : "weight"}],"polar.usc.edu/FF08741CE0F234770BF7189894CCED9D9D9958A0582616F2C9DF82B7C44F95CF" :[{"value" : "200","unit" : "kg","category" : "weight"},{"value" : "500","unit" : "kg","category" : "weight"}],"polar.usc.edu/FF09D2F6D632DAEAC820200F52FBFABCEE6FCB2DD149A17B62B9AF19BE772869" :[{"value" : "1","unit" : "degree","category" : "temperature"},{"value" : "1","unit" : "degree","category" : "temperature"}],"polar.usc.edu/FF0A0ABBC7DAD62EEBDA86AEDE288C07C4BE124E007CB44200AD2955A7FD8835" :[{"value" : "1151","unit" : "mg","category" : "weight"},{"value" : "1151","unit" : "mg","category" : "weight"},{"value" : "1151","unit" : "mg","category" : "weight"},{"value" : "1151","unit" : "mg","category" : "weight"},{"value" : "1","unit" : "mm","category" : "length"}],"polar.usc.edu/FF0BD068111249A315696348D4FE8AAE2E4EC91EA836605490D0D05E226AFD9D" :[{"value" : "1","unit" : "hour","category" : "time"},{"value" : "1","unit" : "hour","category" : "time"},{"value" : "1","unit" : "hour","category" : "time"},{"value" : "2","unit" : "hour","category" : "time"},{"value" : "2","unit" : "hour","category" : "time"},{"value" : "3","unit" : "hour","category" : "time"},{"value" : "3","unit" : "hour","category" : "time"}],"polar.usc.edu/FF0D321892BEED4FF81F36C99B47F9B43B8C1D8D67DDFFB9D64B937308C4B05B" :[{"value" : "1","unit" : "g","category" : "weight"}],"polar.usc.edu/FF0F0A01217F56FE23971DAF6E42FBC41D43ADFEE5A92B5FB97F8CEE94CC0A5E" :[{"value" : "4","unit" : "day","category" : "time"},{"value" : "4","unit" : "day","category" : "time"}],"polar.usc.edu/FF0F3620BB5242291A1A566DC994CE293AEAD168EC51A0DB3DA8EBF12423A639" :[{"value" : "1","unit" : "km","category" : "length"},{"value" : "5","unit" : "km","category" : "length"},{"value" : "5","unit" : "km","category" : "length"},{"value" : "270","unit" : "kg","category" : "weight"}],"polar.usc.edu/FF1237E1A10DC167877EA6E6D40D7371F6E8DF59AF800612DF788D407CC3C0BA" :[{"value" : "15","unit" : "degree","category" : "temperature"},{"value" : "15","unit" : "degree","category" : "temperature"},{"value" : "250","unit" : "km","category" : "length"},{"value" : "250","unit" : "km","category" : "length"}],"polar.usc.edu/FF12398EA9426A92FBF1A45B85BBE229665D2485BFD9BA5616B4BF98970AC01B" :[{"value" : "851","unit" : "km","category" : "length"},{"value" : "832","unit" : "km","category" : "length"},{"value" : "3000","unit" : "km","category" : "length"},{"value" : "1400","unit" : "km","category" : "length"},{"value" : "1500","unit" : "km","category" : "length"},{"value" : "174","unit" : "km","category" : "length"},{"value" : "174","unit" : "km","category" : "length"}],"polar.usc.edu/FF13C66788A08E824C83E4AF1C60AC19E910BA0421B329140E6D07B3D46B9D84" :[{"value" : "25","unit" : "km","category" : "length"}],"polar.usc.edu/FF153B7F24F0231120744A4780EA373543D58EB509881F912C6FD9A4AD9BDC42" :[{"value" : "60","unit" : "inches","category" : "length"},{"value" : "7","unit" : "inches","category" : "length"}],"polar.usc.edu/FF18A28AA5EB7543C416E01D0AB82A8AC8CEF9A6A7C3F5C409CC9E332F451214" :[{"value" : "1","unit" : "hour","category" : "time"},{"value" : "1","unit" : "hour","category" : "time"}],"polar.usc.edu/FF192059C5235260FF86FC7A6EBAAB58292F4C7E6D5C9A2DEC67B8D049926B5D" :[{"value" : "1","unit" : "day","category" : "time"}],"polar.usc.edu/FF19960F2326FCED1478837D89050CB773C9B8D58867936280772888440463EB" :[{"value" : "91191","unit" : "f","category" : "temperature"},{"value" : "91191","unit" : "f","category" : "temperature"}],"polar.usc.edu/FF1A35F043636AF207E973BF4D6A6B7018BDCF89AE7F1824E9E67CA83CBE0784" :[{"value" : "1","unit" : "minute","category" : "time"}],"polar.usc.edu/FF1AF39E4C435C0662C698146479BA96B758F4A0B6A784D7B46F50BD6E31E121" :[{"value" : "24","unit" : "hour","category" : "time"}],"polar.usc.edu/FF1B22A7CE0A841C7BB0A2502390A6E2955878A63068AA2B64F5564022FBD921" :[{"value" : "705","unit" : "kilometers","category" : "length"}],"polar.usc.edu/FF1C6CE8B0180546F152E0288399C79E29B8F318E2D833B81A3E0675C98FECC3" :[{"value" : "460","unit" : "k","category" : "temperature"},{"value" : "460","unit" : "k","category" : "temperature"}],"polar.usc.edu/FF1CD2B8CFF8D8917E4607D57821C41798371F8FD1EEDF45D5F0132896D7C74A" :[{"value" : "20","unit" : "hour","category" : "time"},{"value" : "40","unit" : "week","category" : "time"}],"polar.usc.edu/FF1E071B9040616F5ACE4D1F23872C53A266EDA91D1B605799EA7D75189A3070" :[{"value" : "1","unit" : "minute","category" : "time"}],"polar.usc.edu/FF1E1F40C537D1C9287E5D5C36DE83B9F246D6BD9897B5B57EE88D0830BBD575" :[{"value" : "1","unit" : "km","category" : "length"},{"value" : "1100","unit" : "km","category" : "length"},{"value" : "1","unit" : "km","category" : "length"},{"value" : "1","unit" : "km","category" : "length"}],"polar.usc.edu/FF1F496E612E8D61908ED36FA93CA5BDCABA05DDAEADAA86932D73FEA1498BC5" :[{"value" : "2","unit" : "grams","category" : "weight"}],"polar.usc.edu/FF2096CE99B4F3B6B3ED62B608414487F9D626BEED9E6129C30B771079DDE140" :[{"value" : "230","unit" : "km","category" : "length"}],"polar.usc.edu/FF20B084E88E0DF2CF5985D9CCCCA8254F81FDABDB1FBB0E79555192D449AB16" :[{"value" : "5","unit" : "inch","category" : "length"},{"value" : "20","unit" : "km","category" : "length"},{"value" : "13","unit" : "km","category" : "length"}],"polar.usc.edu/FF21B93FEC5D0BB472FE02D428B73FFAEA38F35A145D46A30E0904AB3A650667" :[{"value" : "100","unit" : "km","category" : "length"},{"value" : "100","unit" : "km","category" : "length"},{"value" : "1","unit" : "degree","category" : "temperature"}],"polar.usc.edu/FF21FE3FA628A0198CC2F99B79EC4ADD10949CFD45ED5C54A4AE697A1010D5C0" :[{"value" : "11","unit" : "day","category" : "time"}],"polar.usc.edu/FF23B132F840F4E16274D3CBAD6FC435152AD4EAF53F273BFC7AFBFB274A7F15" :[{"value" : "250","unit" : "km","category" : "length"},{"value" : "250","unit" : "km","category" : "length"}],"polar.usc.edu/FF24604A548B5A6A21CFD66954FC1CB5064CEF639FE4591E8B4B1990EE285588" :[{"value" : "7","unit" : "year","category" : "time"}],"polar.usc.edu/FF268E32F4B72B9275F745C9FF6E933D705E50BA334E70E6CC44EF0A2F1BADB3" :[{"value" : "1","unit" : "degree","category" : "temperature"}],"polar.usc.edu/FF273A2EB123CC246300A9FE6C3853BE1669966160F6D00929E3376C2E4C66DC" :[{"value" : "1","unit" : "degree","category" : "temperature"},{"value" : "1","unit" : "degree","category" : "temperature"},{"value" : "1","unit" : "degree","category" : "temperature"}],"polar.usc.edu/FF27A5826B516545D41EC35132936AC4D56472509BF4993B75E2C7BEAFE79BD0" :[{"value" : "150","unit" : "km","category" : "length"},{"value" : "1","unit" : "km","category" : "length"}],"polar.usc.edu/FF29DCBD37832163D20764CA281D165C697BA32BF34ECB00EE305AD26902C51B" :[{"value" : "1","unit" : "day","category" : "time"},{"value" : "2","unit" : "day","category" : "time"}],"polar.usc.edu/FF2C22F8AE20BBCF82DD4E7FE04075834242439C1D760DE8FA8A7D9E40B9A474" :[{"value" : "100","unit" : "metre","category" : "length"}],"polar.usc.edu/FF2C533D3CB1BCF0AE9419770F9803976A339313753ADF1E8393479EC8541ED6" :[{"value" : "7","unit" : "day","category" : "time"}],"polar.usc.edu/FF2CB697C3EB5CA140D72DD79E26172B2283DB4B16CCE155918CFA6B548DF62D" :[{"value" : "1","unit" : "km","category" : "length"},{"value" : "1","unit" : "km","category" : "length"},{"value" : "1","unit" : "km","category" : "length"},{"value" : "1","unit" : "km","category" : "length"}],"polar.usc.edu/FF2D409F61AF8E48825536F94B66D012ECF03A6C0CC316952AFDF4EE3EE6B624" :[{"value" : "200","unit" : "year","category" : "time"},{"value" : "700","unit" : "year","category" : "time"},{"value" : "10","unit" : "year","category" : "time"},{"value" : "200","unit" : "year","category" : "time"},{"value" : "700","unit" : "year","category" : "time"},{"value" : "10","unit" : "year","category" : "time"}],"polar.usc.edu/FF2D774B863DB314283A6AFE169DBFD46F262EB7225E6C3C4815E1EF5EE581E8" :[{"value" : "10","unit" : "degree","category" : "temperature"}],"polar.usc.edu/FF2E4703E130D9BC078D54835D9244961492B1DEDCA0A507D39C54E8058F24D6" :[{"value" : "1","unit" : "km","category" : "length"},{"value" : "1","unit" : "km","category" : "length"}],"polar.usc.edu/FF2EDA9EE3F2EBB8C84F876433FE0A4A71E8C800FFBF0102323047E7D3DA4CE9" :[{"value" : "500","unit" : "c","category" : "temperature"}],"polar.usc.edu/FF30645C8C81E92C27548939CD4A08ABDBB4B29836E6A2B1065A3930ED7BDC5C" :[{"value" : "50","unit" : "km","category" : "length"},{"value" : "50","unit" : "km","category" : "length"}],"polar.usc.edu/FF30CF308E1BD656B5B7CB0C98A01DB3D0B669AE092408FE4DC29FBE318A8CC8" :[{"value" : "32","unit" : "km","category" : "length"},{"value" : "35","unit" : "mm","category" : "length"}],"polar.usc.edu/FF3157B01077A336094663AD646D7C6FCB906C809FE9A04AA782DD74E5E9FC99" :[{"value" : "2014","unit" : "year","category" : "time"}],"polar.usc.edu/FF31CC037664DF46849D80B819AB974DB8DCED684E16FF2B852F2F8B615F3338" :[{"value" : "9","unit" : "cm","category" : "length"}],"polar.usc.edu/FF3272073637A1CF945059221193C899B78309E213BAAB5D41E09997327D258F" :[{"value" : "1629","unit" : "k","category" : "temperature"}],"polar.usc.edu/FF3282275ACF1C09E7138655BC783B66E7D8DBAE1E0EE7DE4E04107CABDB7D89" :[{"value" : "6","unit" : "inches","category" : "length"},{"value" : "5","unit" : "inches","category" : "length"},{"value" : "6","unit" : "inch","category" : "length"}],"polar.usc.edu/FF33BFF428280813D13A0849D619E1B398CFE9B4E1CCB9B5B47D559229946949" :[{"value" : "168","unit" : "cm","category" : "length"}],"polar.usc.edu/FF3A4F77E004E510C5493A368DF9A604DEE6BE01E80E4F4455BA5340EDDCFDDD" :[{"value" : "350","unit" : "year","category" : "time"}],"polar.usc.edu/FF3A5558E67BA8DE980A67879D47292656BD84E98A16D48337810CAC01114990" :[{"value" : "990","unit" : "tons","category" : "weight"}],"polar.usc.edu/FF3ABB620378462C4F0849E85609550A5CE6409F3B33CEA9951E5C91FE730F2F" :[{"value" : "180","unit" : "degree","category" : "temperature"},{"value" : "180","unit" : "degree","category" : "temperature"},{"value" : "180","unit" : "degree","category" : "temperature"},{"value" : "180","unit" : "degree","category" : "temperature"}],"polar.usc.edu/FF3B6EEBEDEF2348D489FC4775FCF763FFACEBA1CD9BFE71FF197E9E7390484E" :[{"value" : "1","unit" : "month","category" : "time"}],"polar.usc.edu/FF3BEA77CBBCFC3D791B3FFD6838B90980B623990E784538651748330ED07E84" :[{"value" : "1","unit" : "degree","category" : "temperature"},{"value" : "1","unit" : "degree","category" : "temperature"},{"value" : "100","unit" : "km","category" : "length"},{"value" : "100","unit" : "km","category" : "length"},{"value" : "1","unit" : "degree","category" : "temperature"}],"polar.usc.edu/FF3C57801769E35DE667D2F3B7652A6B06B57ADFDCE49296280D40F80C560553" :[{"value" : "4","unit" : "km","category" : "length"}],"polar.usc.edu/FF3CCDCDDDCB331959AFB742478F2C3031F9CCC168EE3A0605D9ECE40A8DEB52" :[{"value" : "2014","unit" : "year","category" : "time"}],"polar.usc.edu/FF3CE225AA3A3560BEFF02803BCB73E1A6084E992E97FE72227D5560BBC7522B" :[{"value" : "100","unit" : "km","category" : "length"},{"value" : "100","unit" : "km","category" : "length"},{"value" : "1","unit" : "degree","category" : "temperature"}],"polar.usc.edu/FF3D26025B395D46AAEF8BACFAFAA585FA8C7622D8B316054240306B15E7A4B5" :[{"value" : "24","unit" : "hour","category" : "time"},{"value" : "24","unit" : "hour","category" : "time"}],"polar.usc.edu/FF3D6ECC1D4102E9445C01DEC28ED67AF053E6E6E9B1F6A5653A3CC25B057842" :[{"value" : "1","unit" : "day","category" : "time"}],"polar.usc.edu/FF3F27487A84FD5E0899AEDFC2A96A28DD4E43D5654CE58362287ECFDA7D0EA3" :[{"value" : "1","unit" : "km","category" : "length"},{"value" : "1","unit" : "km","category" : "length"}],"polar.usc.edu/FF3FE15569D827747E6ED3B011A09BE7D141E74C994E87413AE9366D887154E2" :[{"value" : "1300","unit" : "km","category" : "length"},{"value" : "2000","unit" : "km","category" : "length"},{"value" : "10","unit" : "km","category" : "length"},{"value" : "10","unit" : "km","category" : "length"},{"value" : "1","unit" : "km","category" : "length"},{"value" : "1","unit" : "km","category" : "length"}],"polar.usc.edu/FF3FFD861B744F2A9E0F7C6260597CD209D651805278E39AB27FB45652402763" :[{"value" : "3","unit" : "mm","category" : "length"},{"value" : "10","unit" : "minute","category" : "time"}],"polar.usc.edu/FF4037A92371AAC421D7C717F319F44023BB908607E8506EBF53F026975D8CB9" :[{"value" : "11","unit" : "day","category" : "time"}],"polar.usc.edu/FF40DF4210D2505F30463E55E70BDEC5BC1D2EDEAFB01EF7A9E30E3F66D29A4F" :[{"value" : "10","unit" : "km","category" : "length"}],"polar.usc.edu/FF4186EFC2FAF45E2923A823790545B9647A2BCBE07CBC6BC0F92EE5C6AB7688" :[{"value" : "5","unit" : "minute","category" : "time"},{"value" : "1","unit" : "hour","category" : "time"}],"polar.usc.edu/FF4212238337C175F2F3C3237680F65C27FE6E19D57A5FB9CB617AECDCCC9860" :[{"value" : "35","unit" : "mm","category" : "length"}],"polar.usc.edu/FF43D5DC9898C9AAFBB0E5221B35EE9B380C903A43765EA7C4B696D17B6D8A56" :[{"value" : "250","unit" : "km","category" : "length"}],"polar.usc.edu/FF4572A7D62AF97F59B6243219AA652FAC27236002DEE19429A2EDCDAF050B39" :[{"value" : "2","unit" : "kilometers","category" : "length"}],"polar.usc.edu/FF45E8A3BDB0A28E920966E4F892085AAC3F314AC8A869820C4630D4F86F582B" :[{"value" : "6","unit" : "c","category" : "temperature"}],"polar.usc.edu/FF4664676C1A5988FF80E86EB86DE161716276A3418C1FC25F4045269C70D9EE" :[{"value" : "56","unit" : "km","category" : "length"},{"value" : "10","unit" : "second","category" : "time"}],"polar.usc.edu/FF4722A0264C47F127CF335EC192CEE9C0C3EC62635C385F26099B59923152E0" :[{"value" : "600","unit" : "km","category" : "length"},{"value" : "600","unit" : "km","category" : "length"},{"value" : "600","unit" : "km","category" : "length"},{"value" : "2","unit" : "k","category" : "temperature"},{"value" : "2","unit" : "k","category" : "temperature"}],"polar.usc.edu/FF479F90032C59C877260A99A941363AC10813A0145AAAA50B43A3FC8AE91A80" :[{"value" : "24","unit" : "hour","category" : "time"}],"polar.usc.edu/FF47A198EEB4D500592E9D30B3660E67251ABC3B4DD27CE4CAC55DE04F054B0E" :[{"value" : "2","unit" : "feet","category" : "length"}],"polar.usc.edu/FF48C255DDF87740BBA418544F747FD527E4030E9FEEA0545E38A1294A12255F" :[{"value" : "500","unit" : "c","category" : "temperature"}],"polar.usc.edu/FF49472828AAC0063152E63C7053DC6956C345C3C21968C56E53F6012FD970E8" :[{"value" : "1","unit" : "year","category" : "time"},{"value" : "1","unit" : "year","category" : "time"},{"value" : "1","unit" : "year","category" : "time"}],"polar.usc.edu/FF4966B2623D835F812282AE69C16EB42AFCECD525FDB59A4F491CE44FC1E22C" :[{"value" : "80","unit" : "cm","category" : "length"},{"value" : "5","unit" : "km","category" : "length"}],"polar.usc.edu/FF4999EC4EA8BEF7AF8F95F1AD614DAC2EB88601B082F2B189C0E2FCD0BCD9F9" :[{"value" : "1","unit" : "day","category" : "time"},{"value" : "1","unit" : "day","category" : "time"}],"polar.usc.edu/FF4ADA10473D1C8A006C56CB4C5A99914B5E9129DBD581DB99683F1447FBC86C" :[{"value" : "4","unit" : "cm","category" : "length"},{"value" : "20","unit" : "day","category" : "time"}],"polar.usc.edu/FF4ADBDE4D7B72A00CE403FB91FCDC3F3ADE0325E9561E6A5D8F0BCDC5087640" :[{"value" : "2014","unit" : "year","category" : "time"}],"polar.usc.edu/FF4B742A09AAFF22D7E486B4576C20C3D235E1F7946B0235DB7853AC29E508DD" :[{"value" : "650","unit" : "kg","category" : "weight"},{"value" : "650","unit" : "kg","category" : "weight"},{"value" : "650","unit" : "kg","category" : "weight"}],"polar.usc.edu/FF4C5754D973648141D24F9EE08694724D54B8B60D2A3873C84E1EEE3CBEF9FE" :[{"value" : "500","unit" : "c","category" : "temperature"}],"polar.usc.edu/FF4CA8D4F8783C88C7ECE31AC3AEC83E7736B3A3BC042A63C1CF2E60D9C0C3BF" :[{"value" : "1100","unit" : "mile","category" : "length"}],"polar.usc.edu/FF4D7C04841A64D8F7F719297C15A1CB348E5BABC019DA25C3DC54DC912F08BC" :[{"value" : "45","unit" : "km","category" : "length"},{"value" : "45","unit" : "km","category" : "length"}],"polar.usc.edu/FF4E835827DD7CE0EFB3B0FC7CE0A421842E70DDA9ED0B7507DA669CDDE32337" :[{"value" : "50","unit" : "km","category" : "length"}],"polar.usc.edu/FF52D54B2BE4A722C422EA61FB46FA6F00D6EBDE1F737B694468763DD4F610E2" :[{"value" : "10","unit" : "cm","category" : "length"},{"value" : "10","unit" : "cm","category" : "length"}],"polar.usc.edu/FF52E7BABC6B7E264D5692469138C4A81E93743B86A0A71537CE4B7CFB5DD86B" :[{"value" : "5","unit" : "km","category" : "length"}],"polar.usc.edu/FF539D537F863B2C9F5CEA92B40170E7FFDF6482D3D55B2412D151A04B3454C5" :[{"value" : "15","unit" : "km","category" : "length"},{"value" : "15","unit" : "km","category" : "length"}],"polar.usc.edu/FF54294170E13AEDBCD94BA677788E16C875BB2AC1C9263AC1C0970D03FBEF3C" :[{"value" : "10","unit" : "km","category" : "length"}],"polar.usc.edu/FF5599152F83524278ED2A2B16D6E913405A63267E9778C841F86077F83E4A13" :[{"value" : "3","unit" : "hour","category" : "time"},{"value" : "10","unit" : "km","category" : "length"},{"value" : "10","unit" : "km","category" : "length"}],"polar.usc.edu/FF56B8CCBA5618FFAB61E03279B3D54169602054ED312D83F7F26B6F71317C5C" :[{"value" : "2014","unit" : "year","category" : "time"}],"polar.usc.edu/FF56D00A9330703F801EBBF295EFC30B49D36F33CD2546EC1A505E2093FF884D" :[{"value" : "3","unit" : "kilometers","category" : "length"}],"polar.usc.edu/FF56F4AE4B60A84535F86AD559EF20B425044DC0C96A8833933CB0A8B357E082" :[{"value" : "40","unit" : "degree","category" : "temperature"}],"polar.usc.edu/FF571B0F4D4FC51FCFAC0EAF076D757807E83939C240C2D50572FB307A7AF37E" :[{"value" : "1","unit" : "mile","category" : "length"}],"polar.usc.edu/FF587215BC0B775851C55DF1515C9966F4A9AC779E63FBD6FB478748D1F2E2A1" :[{"value" : "381","unit" : "km","category" : "length"}],"polar.usc.edu/FF5C325A817357AA80154B0D81A14C6F8C0D9167D809260456DC6CD98946C91E" :[{"value" : "2","unit" : "meter","category" : "length"},{"value" : "2","unit" : "meter","category" : "length"}],"polar.usc.edu/FF5DA63FFA89B589B7397ECF74E28036E1FED979DBD8B810F1C3870F3D0F8BB2" :[{"value" : "67000","unit" : "km","category" : "length"},{"value" : "1000","unit" : "km","category" : "length"}],"polar.usc.edu/FF5F3698ADB846364614BD955E8BEF22C638D0893BBA40B4C5039EE4B0AF26F6" :[{"value" : "10","unit" : "cm","category" : "length"}],"polar.usc.edu/FF5F82232324F36536239E6B509947EBA67D5F9ACB8F147E249250A8D3B1D7AC" :[{"value" : "130","unit" : "tons","category" : "weight"}],"polar.usc.edu/FF61702308794833ACADE397E9EEBF6AC37B25E886AE8B2EE3007FFFCDC053BD" :[{"value" : "1","unit" : "pound","category" : "volume"},{"value" : "1","unit" : "pound","category" : "volume"}],"polar.usc.edu/FF6244B3C47919F6CFCEE7EDF26BBC50846CD2B357218FC34357268DED663657" :[{"value" : "1","unit" : "degree","category" : "temperature"},{"value" : "1","unit" : "degree","category" : "temperature"}],"polar.usc.edu/FF6367428DB6081E48891D4E5AA1C644B3F3F747F4D3B47D7E415D7935EE0B73" :[{"value" : "300","unit" : "km","category" : "length"},{"value" : "3","unit" : "km","category" : "length"},{"value" : "100","unit" : "km","category" : "length"},{"value" : "100","unit" : "km","category" : "length"},{"value" : "1","unit" : "degree","category" : "temperature"},{"value" : "6","unit" : "km","category" : "length"}],"polar.usc.edu/FF638B928554297D306AC87A6D68BFC7848D5485DE86AF1A9BEAEBC755DAB3D5" :[{"value" : "1","unit" : "km","category" : "length"}],"polar.usc.edu/FF63A74DB5E27D86EF044981D69B4A878750A348290D6066BF267372ECAA9DAE" :[{"value" : "500","unit" : "km","category" : "length"},{"value" : "500","unit" : "km","category" : "length"}],"polar.usc.edu/FF63DCD994B959BCF306FE128214A029C2FF7AFBFAAF1533A4AE2EDFA5A4B239" :[{"value" : "2801","unit" : "second","category" : "time"}],"polar.usc.edu/FF64FCE5528FA5909843C424A54B8A4788BAF233F69D6A54768A1E9FB6E0ADA7" :[{"value" : "1","unit" : "inch","category" : "length"},{"value" : "1","unit" : "inch","category" : "length"},{"value" : "1","unit" : "inch","category" : "length"},{"value" : "1","unit" : "inch","category" : "length"},{"value" : "25","unit" : "feet","category" : "length"}],"polar.usc.edu/FF65175F58734476CEE496A6E2DED5BC97E58C459A16585AE987039CD12993E7" :[{"value" : "40","unit" : "km","category" : "length"}],"polar.usc.edu/FF653A2CB1C210DD2E45BFB1FFC756299E0F86A90E69EADC94E95B33CA73B753" :[{"value" : "24","unit" : "second","category" : "time"},{"value" : "1","unit" : "meter","category" : "length"},{"value" : "1","unit" : "meter","category" : "length"},{"value" : "1","unit" : "meter","category" : "length"},{"value" : "1","unit" : "meter","category" : "length"}],"polar.usc.edu/FF655E7E59516D57A370B22BB562BC900CCB244CD2F0F576AF07B12A172D7552" :[{"value" : "20","unit" : "km","category" : "length"}],"polar.usc.edu/FF66812E50064F46CEAF96E34058F647E4F1B121179C659C7466582ACFF11964" :[{"value" : "250","unit" : "ml","category" : "volume"}],"polar.usc.edu/FF66A268705A42F7B53C3BA3C70CE3856DEEB2E7EA7540D6B081C0326DA5E460" :[{"value" : "20","unit" : "meter","category" : "length"}],"polar.usc.edu/FF66B440BD0570D8627BA634CDC443A5D0FD5CEF97A5DCE4850523D257404B70" :[{"value" : "2330","unit" : "km","category" : "length"},{"value" : "1","unit" : "degree","category" : "temperature"},{"value" : "1","unit" : "degree","category" : "temperature"},{"value" : "1","unit" : "degree","category" : "temperature"}],"polar.usc.edu/FF6741802DF47FB1BA74AFEA4AE084AAC60203A494C41F7E72F97AB0BF858D87" :[{"value" : "500","unit" : "k","category" : "temperature"}],"polar.usc.edu/FF67B479639B87CFFB77D1758078004EB2130F43FF158B5957E55586D9462110" :[{"value" : "48","unit" : "inch","category" : "length"}],"polar.usc.edu/FF690BF1882BD575197113C9B2F12BCB309732E39885D258B9E0E5E9AC9BB409" :[{"value" : "1","unit" : "degree","category" : "temperature"},{"value" : "10","unit" : "km","category" : "length"}],"polar.usc.edu/FF69843391FE2A2F45483A1A875585ACD80839AE065157D06AEBB5CBEDB2D213" :[{"value" : "2000","unit" : "meter","category" : "length"},{"value" : "5","unit" : "km","category" : "length"},{"value" : "5","unit" : "km","category" : "length"}],"polar.usc.edu/FF6AF21295A0DBF6F1BDE93E20FF6D486F4DADF8788A6FA90871CAD2E782AAEC" :[{"value" : "24","unit" : "hour","category" : "time"}],"polar.usc.edu/FF6CD024A47B69AFA1BE879B8DE9F9F8571B53365AA406108FBB85F1ED5308B2" :[{"value" : "16","unit" : "meter","category" : "length"}],"polar.usc.edu/FF6DF2BDC4EB9C507327A8FC213D046244ACB176D86D84AAE6E4E0B64AB450B3" :[{"value" : "1","unit" : "km","category" : "length"}],"polar.usc.edu/FF6ECB3B668F34EB97ADFE36184113CF76982C0A82271DA4C2B75DCA3B57243D" :[{"value" : "1","unit" : "degree","category" : "temperature"}],"polar.usc.edu/FF7103424F6A6479C93D482C3C57159CC5F60A2AFC18385C6C963D7209118334" :[{"value" : "1","unit" : "cm","category" : "length"},{"value" : "1","unit" : "cm","category" : "length"},{"value" : "1","unit" : "second","category" : "time"}],"polar.usc.edu/FF71348323ABE1D24D3A04F4F07C9C55340D1896A3D05331DD6E68EC67C5AFE9" :[{"value" : "353","unit" : "kelvin","category" : "temperature"},{"value" : "353","unit" : "kelvin","category" : "temperature"}],"polar.usc.edu/FF7138535E39878392E2F8A3B53D61F7AC6887E55505FC045FBEA07650C22883" :[{"value" : "1849","unit" : "c","category" : "temperature"}],"polar.usc.edu/FF71F573C850851D4C361F4CDC227E7DC3A026F387C6B27CD2BA4F2B4E8B01DC" :[{"value" : "460","unit" : "k","category" : "temperature"},{"value" : "460","unit" : "k","category" : "temperature"}],"polar.usc.edu/FF721339583F028C5EBEC3E64F2135AD45C0FFCE961BEADB367C56BB59A8A99D" :[{"value" : "1","unit" : "km","category" : "length"},{"value" : "1","unit" : "km","category" : "length"},{"value" : "1","unit" : "km","category" : "length"},{"value" : "1","unit" : "km","category" : "length"}],"polar.usc.edu/FF73B156E566CB78379201EBDE32A7809EB4CD110DC73AAA40E2E281E0982090" :[{"value" : "85","unit" : "km","category" : "length"},{"value" : "85","unit" : "km","category" : "length"},{"value" : "10","unit" : "km","category" : "length"},{"value" : "85","unit" : "km","category" : "length"},{"value" : "500","unit" : "km","category" : "length"},{"value" : "30","unit" : "km","category" : "length"},{"value" : "250","unit" : "km","category" : "length"},{"value" : "250","unit" : "km","category" : "length"}],"polar.usc.edu/FF74ED52E333A1F52B5A5B3CF07E2225A0A6FBFBD64F1206D1A4C7A43AD78DAD" :[{"value" : "1","unit" : "km","category" : "length"},{"value" : "1","unit" : "km","category" : "length"}],"polar.usc.edu/FF75767931EAE1B85FC2546236EFC0DA9B93EA1FD2C9BFFCF037FC58CE2DC608" :[{"value" : "62","unit" : "tons","category" : "weight"},{"value" : "5","unit" : "feet","category" : "length"}],"polar.usc.edu/FF7599ECB8BABFA01A89294E1E26A1DCFAE8914915A26D7A83F41254820C54B5" :[{"value" : "16","unit" : "meter","category" : "length"}],"polar.usc.edu/FF76807214362CEB863469BDECF52A58663D83ED45A7BB1C645B160D6A72C856" :[{"value" : "5","unit" : "degree","category" : "temperature"},{"value" : "5","unit" : "degree","category" : "temperature"},{"value" : "5","unit" : "degree","category" : "temperature"},{"value" : "4","unit" : "degree","category" : "temperature"},{"value" : "1","unit" : "year","category" : "time"}],"polar.usc.edu/FF76FC4A2C0DDCBAFC88554DC31C1450DC917D76F6F9D919075FF60E0CBE17BC" :[{"value" : "2014","unit" : "year","category" : "time"}],"polar.usc.edu/FF76FDD7599A42BB570B9E1243AD13E86272663AD65260A0069476B5F8C26610" :[{"value" : "100","unit" : "km","category" : "length"}],"polar.usc.edu/FF77A35828CEC5840121D5DE77B678231E72EB6FEAD69C974AE38A5FF5301581" :[{"value" : "1629","unit" : "k","category" : "temperature"}],"polar.usc.edu/FF7C74C31CF5DBC6799AEE7FFBD5433B79AC494E1228744EC96DD8C43EAC4179" :[{"value" : "1","unit" : "km","category" : "length"},{"value" : "1","unit" : "km","category" : "length"}],"polar.usc.edu/FF7CF5C40EC060179461F3337EA4B55D6E3BEEFE4579FF7A9A7E6F77C8622B86" :[{"value" : "9","unit" : "k","category" : "temperature"},{"value" : "9","unit" : "k","category" : "temperature"},{"value" : "1935","unit" : "k","category" : "temperature"}],"polar.usc.edu/FF7D3DA095904DEC47F7EF37FA354DEA9CC0631E3F34DE3B46AAA34928E7202A" :[{"value" : "250","unit" : "km","category" : "length"},{"value" : "250","unit" : "km","category" : "length"}],"polar.usc.edu/FF7D40F8127BBE62A19AE4AC77B91A5C56910061B62E6E2598C7E1D5E316DB78" :[{"value" : "40","unit" : "mile","category" : "length"}],"polar.usc.edu/FF7DF71DE9032264C7520FC4691245E7936250A464AB1829564A7A885E13F0B6" :[{"value" : "225","unit" : "km","category" : "length"}],"polar.usc.edu/FF7F9D87148833B4FB814308FB030EE9AC65F125706BFE4F3CB683F154AFF8C1" :[{"value" : "200","unit" : "year","category" : "time"},{"value" : "700","unit" : "year","category" : "time"},{"value" : "10","unit" : "year","category" : "time"},{"value" : "200","unit" : "year","category" : "time"},{"value" : "700","unit" : "year","category" : "time"},{"value" : "10","unit" : "year","category" : "time"}],"polar.usc.edu/FF80CC766DE7EFC75F083E6596D9EDFC04092D87739C9D6B8108208AC8F4E79A" :[{"value" : "2","unit" : "minute","category" : "time"},{"value" : "24","unit" : "second","category" : "time"}],"polar.usc.edu/FF81BBF7CB4D35081420F91DE2E81293F60010CC0E7FFEBCA72260DEA83460A1" :[{"value" : "129","unit" : "km","category" : "length"},{"value" : "129","unit" : "km","category" : "length"},{"value" : "129","unit" : "km","category" : "length"},{"value" : "9","unit" : "hour","category" : "time"},{"value" : "2","unit" : "foot","category" : "length"},{"value" : "2","unit" : "foot","category" : "length"},{"value" : "50","unit" : "feet","category" : "length"}],"polar.usc.edu/FF82F10BB7F4B6F5A2870F09E631205AA4B9F538DC6B57D9A6A60E606DE55786" :[{"value" : "4","unit" : "kilometers","category" : "length"}],"polar.usc.edu/FF85EA221A3F300352181968DD6E8C372F2602D3DD8293E59C6892A324DD8D12" :[{"value" : "40","unit" : "km","category" : "length"},{"value" : "40","unit" : "km","category" : "length"}],"polar.usc.edu/FF86D9B6EAA934B29974C3E1C8C1D23F295E2197FCB33EE6CA21776C225ED50E" :[{"value" : "5","unit" : "day","category" : "time"}],"polar.usc.edu/FF8701BFD9B7A46CB09E06525D4CA3A83E45692F0A18588C580C1E23369B82EB" :[{"value" : "60","unit" : "cm","category" : "length"}],"polar.usc.edu/FF88859BDB5BFDF04ECC6C0D5AC58AE78C8D075F39A194A89D896335AAC80D79" :[{"value" : "11","unit" : "year","category" : "time"}],"polar.usc.edu/FF899700DF279AF66F528137BDA17F611F2BEB717D45FFD9B139862F02B9C35F" :[{"value" : "20","unit" : "year","category" : "time"}],"polar.usc.edu/FF8AC655A805E22CB918EE186278506BE86B1D6BA0F04BE21B27DA8F889088CF" :[{"value" : "3475","unit" : "km","category" : "length"}],"polar.usc.edu/FF8E2DB75035E1C96B2937523E5FD9828894FF53509F639430B90327BA3B92AB" :[{"value" : "19525","unit" : "feet","category" : "length"}],"polar.usc.edu/FF8E329D48CA2E7DD40D38F1F44DA780C9822FEE592A7F095DEF606360A7F306" :[{"value" : "705","unit" : "km","category" : "length"},{"value" : "699","unit" : "km","category" : "length"},{"value" : "706","unit" : "km","category" : "length"}],"polar.usc.edu/FF8F5F5F3941DC8ECEA63AE9924531E8B6F5BC2B018CDBDA172ECE482490267B" :[{"value" : "350","unit" : "kilometers","category" : "length"},{"value" : "1000","unit" : "kilometers","category" : "length"}],"polar.usc.edu/FF8FB40753B335B68EEEA154AC2061C9FA2280726AAF1480C3EA087C760E7706" :[{"value" : "2330","unit" : "km","category" : "length"},{"value" : "1","unit" : "degree","category" : "temperature"},{"value" : "1","unit" : "degree","category" : "temperature"},{"value" : "1","unit" : "degree","category" : "temperature"},{"value" : "1","unit" : "degree","category" : "temperature"}],"polar.usc.edu/FF90244DA04767DDB34CFCF07070260A40598D5FB3F1EB97E667D88B8E17074C" :[{"value" : "87","unit" : "km","category" : "length"}],"polar.usc.edu/FF90A33FAC147A5E8FD9A8520F060978CB49F665FC9A1A8ECEE7553E31EDED5B" :[{"value" : "46","unit" : "day","category" : "time"},{"value" : "36","unit" : "day","category" : "time"},{"value" : "96","unit" : "day","category" : "time"}],"polar.usc.edu/FF935F6069F03E7906F44F1DB62085FAF1D4CFEDFE9F64D2E4EBD56CAE1E4716" :[{"value" : "1","unit" : "km","category" : "length"},{"value" : "25","unit" : "km","category" : "length"},{"value" : "1","unit" : "degree","category" : "temperature"}],"polar.usc.edu/FF94E3E0DF5CD211BAA2CEDF21F653DB50E3C7C7EE9A9D2A4C771A8511AE838E" :[{"value" : "1","unit" : "hour","category" : "time"},{"value" : "25","unit" : "minute","category" : "time"}],"polar.usc.edu/FF954B974EC188923CE79AEC7B155C0A38DD5D62AC53D912E7959E18B4FD6F5F" :[{"value" : "1","unit" : "meter","category" : "length"},{"value" : "1","unit" : "meter","category" : "length"}],"polar.usc.edu/FF979633AA1C538BA7E37176E540CED4F8AE50EFC3B9C352085B38155AA2D786" :[{"value" : "609","unit" : "second","category" : "time"},{"value" : "609","unit" : "second","category" : "time"}],"polar.usc.edu/FF981FC5CF2B27D990995CE9F790667FE2880AAED7DF511E18F45A69E316A6B5" :[{"value" : "110","unit" : "km","category" : "length"},{"value" : "110","unit" : "kilometers","category" : "length"},{"value" : "110","unit" : "kilometers","category" : "length"},{"value" : "100","unit" : "km","category" : "length"},{"value" : "100","unit" : "km","category" : "length"},{"value" : "1","unit" : "degree","category" : "temperature"}],"polar.usc.edu/FF9A0DE08DCD35FB74845EA543894009D17ABAEE68C52FE141BFAA37700900DC" :[{"value" : "70","unit" : "kilometers","category" : "length"},{"value" : "20","unit" : "kilometers","category" : "length"}],"polar.usc.edu/FF9C230F85610291DB3520E91401E89CA79911BBF0B0F6E07BF396B675EB828C" :[{"value" : "1","unit" : "meter","category" : "length"},{"value" : "1","unit" : "meter","category" : "length"},{"value" : "1","unit" : "meter","category" : "length"},{"value" : "1","unit" : "meter","category" : "length"}],"polar.usc.edu/FF9E55532024431CDDCF5DA940DA2599B96E5AE1C44ECEF4CA70B8CE8A243196" :[{"value" : "0","unit" : "g","category" : "weight"},{"value" : "4","unit" : "inches","category" : "length"}],"polar.usc.edu/FF9E9680A978947AFC0D49417CA49C64EF88C6125D3716125E7D97B875B05EA8" :[{"value" : "9","unit" : "km","category" : "length"}],"polar.usc.edu/FF9EA37D21CD69FBA168566230B76A88BF946B17F41F20C6380E8B4ED3B97871" :[{"value" : "36","unit" : "hour","category" : "time"}],"polar.usc.edu/FF9FC6DFBB2A76002A76F297DEC78D709E7EF382DCAC67574B1C94BE6602C3AF" :[{"value" : "5","unit" : "day","category" : "time"}],"polar.usc.edu/FF9FF79CD1CB321885B48418693C480C546A994AF3C48F0FCEA648F026E27B4E" :[{"value" : "100","unit" : "km","category" : "length"}],"polar.usc.edu/FFA0944C0CB19BD34566265F710EBDE0E55E5D037DF9BD5BEE50891F82C88224" :[{"value" : "800","unit" : "km","category" : "length"},{"value" : "1","unit" : "hour","category" : "time"}],"polar.usc.edu/FFA19BA051753367FEDDCAD2E34D16A31AB5E23C7560D1CCC8E20FB7BA6E1523" :[{"value" : "5","unit" : "km","category" : "length"},{"value" : "1","unit" : "minute","category" : "time"},{"value" : "1","unit" : "hour","category" : "time"},{"value" : "5","unit" : "km","category" : "length"},{"value" : "5","unit" : "km","category" : "length"}],"polar.usc.edu/FFA32B68E69CFB12DD908153FF1A1C10DA8C8606899D0C8AE89267B383E13E41" :[{"value" : "24","unit" : "hour","category" : "time"}],"polar.usc.edu/FFA357A32A0FCA918BEF1EFFCA2DF1A7D0BC209842E96C733C447D5BD5C892BC" :[{"value" : "800","unit" : "km","category" : "length"}],"polar.usc.edu/FFA3B35CBB0D684B2F2C8A58E65415C08F4FB2AD277658C038E4AE762B83570F" :[{"value" : "86","unit" : "km","category" : "length"}],"polar.usc.edu/FFA3ED5276553D1B13D1E81C43F21FB158527C8A1B8E8C815F8D97E06C55E193" :[{"value" : "24","unit" : "inches","category" : "length"},{"value" : "24","unit" : "inches","category" : "length"},{"value" : "24","unit" : "inches","category" : "length"},{"value" : "24","unit" : "inches","category" : "length"},{"value" : "5","unit" : "inches","category" : "length"},{"value" : "5","unit" : "inches","category" : "length"},{"value" : "5","unit" : "inches","category" : "length"},{"value" : "5","unit" : "inches","category" : "length"},{"value" : "5","unit" : "inches","category" : "length"},{"value" : "5","unit" : "inches","category" : "length"},{"value" : "2","unit" : "inches","category" : "length"},{"value" : "1","unit" : "inch","category" : "length"},{"value" : "2","unit" : "inches","category" : "length"},{"value" : "2","unit" : "inches","category" : "length"},{"value" : "2","unit" : "inches","category" : "length"},{"value" : "2","unit" : "inches","category" : "length"},{"value" : "2","unit" : "inches","category" : "length"},{"value" : "2","unit" : "inches","category" : "length"},{"value" : "2","unit" : "inches","category" : "length"},{"value" : "70","unit" : "degree","category" : "temperature"},{"value" : "70","unit" : "degree","category" : "temperature"},{"value" : "70","unit" : "degree","category" : "temperature"},{"value" : "70","unit" : "degree","category" : "temperature"},{"value" : "79","unit" : "f","category" : "temperature"},{"value" : "79","unit" : "f","category" : "temperature"},{"value" : "79","unit" : "f","category" : "temperature"},{"value" : "79","unit" : "f","category" : "temperature"},{"value" : "79","unit" : "f","category" : "temperature"},{"value" : "79","unit" : "f","category" : "temperature"},{"value" : "79","unit" : "f","category" : "temperature"},{"value" : "79","unit" : "f","category" : "temperature"},{"value" : "79","unit" : "f","category" : "temperature"},{"value" : "79","unit" : "f","category" : "temperature"},{"value" : "79","unit" : "f","category" : "temperature"},{"value" : "79","unit" : "f","category" : "temperature"},{"value" : "79","unit" : "f","category" : "temperature"},{"value" : "79","unit" : "f","category" : "temperature"}],"polar.usc.edu/FFA56338EB218E41312922A058ACC19880BDEBC21ADEFE0375BB5A41E6EEFE5B" :[{"value" : "27","unit" : "day","category" : "time"}],"polar.usc.edu/FFA588626BA1D5804014FBA826A48A2006C7416AF34EF47AC5B08A54D9F4BB34" :[{"value" : "20","unit" : "second","category" : "time"},{"value" : "1","unit" : "year","category" : "time"}],"polar.usc.edu/FFA5C62C0160A9536EAFDB45D1C3A222E3516C978685A616E40371E4032A99FF" :[{"value" : "4","unit" : "km","category" : "length"}],"polar.usc.edu/FFA6723EC562680CDDD595F327B28DB08FABCF963525BF2EBED7BAAD559C3948" :[{"value" : "3300","unit" : "km","category" : "length"}],"polar.usc.edu/FFA719ED1BAE36B7B25FE8764A5750155C655270F1BC46617159AEFBD2BAC91B" :[{"value" : "0","unit" : "degree","category" : "temperature"}],"polar.usc.edu/FFA7EB0994024A9BBD623A97B52CA17B9007165E36DF5D4A98C19C467B0BA043" :[{"value" : "200","unit" : "year","category" : "time"},{"value" : "700","unit" : "year","category" : "time"},{"value" : "10","unit" : "year","category" : "time"},{"value" : "200","unit" : "year","category" : "time"},{"value" : "700","unit" : "year","category" : "time"},{"value" : "10","unit" : "year","category" : "time"}],"polar.usc.edu/FFA8F1368A714F1AE268918B8C39CBB06EE0E166B39CCCEA4B1AC4E2F3FCCAAD" :[{"value" : "1","unit" : "week","category" : "time"}],"polar.usc.edu/FFA96EE8FFAF0CF620937787341C3A6CD3AA8258D8D9483A3E2EF884183CB838" :[{"value" : "4","unit" : "degree","category" : "temperature"},{"value" : "300","unit" : "km","category" : "length"},{"value" : "300","unit" : "km","category" : "length"},{"value" : "80","unit" : "km","category" : "length"},{"value" : "300","unit" : "km","category" : "length"},{"value" : "20","unit" : "km","category" : "length"},{"value" : "250","unit" : "km","category" : "length"},{"value" : "250","unit" : "km","category" : "length"},{"value" : "5","unit" : "km","category" : "length"}],"polar.usc.edu/FFAAB461A42E47FC9224D592D94FFE91FFE69ED73CA1C0E2AC666EABC1E6ED50" :[{"value" : "65","unit" : "km","category" : "length"}],"polar.usc.edu/FFAAC332F8EF177A1F5C74D6BC4F75D2FE7CDA4FCF19EF752CAC209EE577DBE3" :[{"value" : "5","unit" : "km","category" : "length"}],"polar.usc.edu/FFAD6F327E87E300650F3AA3A5329DBE02E6EBBBF2F81513F7B79FB823F7D44C" :[{"value" : "900","unit" : "mm","category" : "length"}],"polar.usc.edu/FFADA709A643F353328D9DEF5BDE1D18752C8B217F753E320BE8734889C60E28" :[{"value" : "25","unit" : "km","category" : "length"},{"value" : "25","unit" : "km","category" : "length"},{"value" : "1","unit" : "day","category" : "time"},{"value" : "25","unit" : "km","category" : "length"},{"value" : "25","unit" : "km","category" : "length"},{"value" : "1","unit" : "month","category" : "time"}],"polar.usc.edu/FFAFBBFCF946EFA45555830D9141909939B4BB88476BF02EB20D155900A5C4B2" :[{"value" : "1","unit" : "degree","category" : "temperature"},{"value" : "2","unit" : "km","category" : "length"},{"value" : "2","unit" : "cm","category" : "length"},{"value" : "2","unit" : "cm","category" : "length"}],"polar.usc.edu/FFAFC87919A3FB4C50E8B5EC4B11E74073E8663FBFA76A3A7C73565FB5E51392" :[{"value" : "2","unit" : "degree","category" : "temperature"},{"value" : "2","unit" : "degree","category" : "temperature"},{"value" : "2","unit" : "degree","category" : "temperature"},{"value" : "2","unit" : "degree","category" : "temperature"},{"value" : "2","unit" : "degree","category" : "temperature"},{"value" : "2","unit" : "degree","category" : "temperature"},{"value" : "2","unit" : "degree","category" : "temperature"},{"value" : "2","unit" : "degree","category" : "temperature"},{"value" : "2","unit" : "degree","category" : "temperature"},{"value" : "2","unit" : "degree","category" : "temperature"},{"value" : "4","unit" : "degree","category" : "temperature"},{"value" : "4","unit" : "degree","category" : "temperature"},{"value" : "4","unit" : "degree","category" : "temperature"}],"polar.usc.edu/FFB02C2F11AC59102EBF7EA6FA1F3C3FCE2B5CD1C9403BF7D95AE79F3ABC577A" :[{"value" : "1","unit" : "degree","category" : "temperature"},{"value" : "1","unit" : "degree","category" : "temperature"}],"polar.usc.edu/FFB0B5FAB93D91C6F760038B82CFB7778036E4E8D70977A98212FB7C49C3260D" :[{"value" : "1","unit" : "year","category" : "time"}],"polar.usc.edu/FFB1307656C39A0DE407E7F78132C77FCBF18747D20BC1C5DE2757C596187E45" :[{"value" : "75","unit" : "mile","category" : "length"}],"polar.usc.edu/FFB2EC6D9D951C93992D5FF2510816851BB7C65A787351875848A3EDEE52DE08" :[{"value" : "5","unit" : "degree","category" : "temperature"},{"value" : "5","unit" : "degree","category" : "temperature"},{"value" : "5","unit" : "degree","category" : "temperature"},{"value" : "4","unit" : "degree","category" : "temperature"},{"value" : "1","unit" : "year","category" : "time"}],"polar.usc.edu/FFB328F38E2B488BF6B6E9D2F3E97CE6EAC3B8216F77A31EF52EFFFBE7087701" :[{"value" : "3","unit" : "meter","category" : "length"}],"polar.usc.edu/FFB4D63714C5F619DA0A838EF356A38E14EC18C6EEA64F0D939DA646B6B1A0A0" :[{"value" : "2","unit" : "degree","category" : "temperature"},{"value" : "2","unit" : "degree","category" : "temperature"},{"value" : "5","unit" : "degree","category" : "temperature"},{"value" : "2","unit" : "degree","category" : "temperature"},{"value" : "2","unit" : "degree","category" : "temperature"},{"value" : "16","unit" : "year","category" : "time"}],"polar.usc.edu/FFB505F616EEA822A734B521F435C6C62F4F4298DC66E65D84B4912AA0B9A505" :[{"value" : "9","unit" : "km","category" : "length"},{"value" : "9","unit" : "km","category" : "length"},{"value" : "9","unit" : "km","category" : "length"},{"value" : "9","unit" : "km","category" : "length"},{"value" : "9","unit" : "km","category" : "length"},{"value" : "1","unit" : "km","category" : "length"},{"value" : "1","unit" : "km","category" : "length"}],"polar.usc.edu/FFB97D1D56A7A5BDB94B51603ED58022A25DF66122253B1DBD4C8FB2C2961EF8" :[{"value" : "200","unit" : "year","category" : "time"},{"value" : "700","unit" : "year","category" : "time"},{"value" : "10","unit" : "year","category" : "time"},{"value" : "200","unit" : "year","category" : "time"},{"value" : "700","unit" : "year","category" : "time"},{"value" : "10","unit" : "year","category" : "time"}],"polar.usc.edu/FFB99AFBBC9980E9C2F8B2434E37900C5729EF283290E6D236E85D4ED1BB6810" :[{"value" : "30","unit" : "feet","category" : "length"},{"value" : "60","unit" : "feet","category" : "length"},{"value" : "13","unit" : "feet","category" : "length"},{"value" : "7","unit" : "feet","category" : "length"},{"value" : "4","unit" : "feet","category" : "length"},{"value" : "9","unit" : "feet","category" : "length"},{"value" : "7","unit" : "feet","category" : "length"},{"value" : "15","unit" : "feet","category" : "length"},{"value" : "30","unit" : "feet","category" : "length"},{"value" : "15","unit" : "feet","category" : "length"}],"polar.usc.edu/FFBA24DAFE8869465AE6B464F857F019997141B5CB1DE5CCE5B23527E4A13FE2" :[{"value" : "1","unit" : "cm","category" : "length"}],"polar.usc.edu/FFBA6BA4F1A3433587A4571D8D78899810EA6DC4AAA4FC57491500EDAD4013EE" :[{"value" : "15","unit" : "meter","category" : "length"},{"value" : "15","unit" : "meter","category" : "length"},{"value" : "15","unit" : "meter","category" : "length"},{"value" : "2","unit" : "k","category" : "temperature"},{"value" : "60","unit" : "km","category" : "length"}],"polar.usc.edu/FFBAAB23192B86E10210DB40CFEE546A52BCACDB70577EA11096C527851A2FB4" :[{"value" : "15","unit" : "feet","category" : "length"}],"polar.usc.edu/FFBAB2F17B2D1C1D8542A15D15376DC192059571994983C6A2DD90440AD26732" :[{"value" : "12","unit" : "month","category" : "time"}],"polar.usc.edu/FFBCFD19CD378D5A8B838F21DE050DE92A31A1EEB237D4A485C3C3760A96C7EF" :[{"value" : "87","unit" : "km","category" : "length"}],"polar.usc.edu/FFBD39E17BA24500E71B5DC1A0CE25197FEC2872E331BAE02AE7975987663E9B" :[{"value" : "8","unit" : "kilometers","category" : "length"},{"value" : "8","unit" : "kilometers","category" : "length"}],"polar.usc.edu/FFBD77D71165C089231CD22368B31F80E0085EE941BAD0099E9860FC6DBC849F" :[{"value" : "25","unit" : "cm","category" : "length"}],"polar.usc.edu/FFBE2FE7066E77AECED6C86CC2768273D985CCEFBD7473AFF886E6876DC15004" :[{"value" : "23","unit" : "hour","category" : "time"}],"polar.usc.edu/FFBF720EA7CD5FB3F6A2405777005FE403089834EEA32B255E797FA81E8155B7" :[{"value" : "2014","unit" : "year","category" : "time"}],"polar.usc.edu/FFBFA551C65F5914D463C48995C29CF8FF683BFB3A6305A08E36F1F47FC57E10" :[{"value" : "14","unit" : "day","category" : "time"},{"value" : "1","unit" : "km","category" : "length"},{"value" : "1","unit" : "km","category" : "length"}],"polar.usc.edu/FFC0E422598FC1A4619DB2DE62F2CC42921540CE2CBB6FF475270600CBB37B45" :[{"value" : "1017","unit" : "kg","category" : "weight"}],"polar.usc.edu/FFC122E5664A9D5628D8C37DD54BFDF9523AF9786E64ABEEEF55A26861BD0238" :[{"value" : "1","unit" : "second","category" : "time"}],"polar.usc.edu/FFC15A54205AB6A6778B24D3E25E546301CD3F074CF1ECFCB989956170DE0277" :[{"value" : "8","unit" : "km","category" : "length"},{"value" : "8","unit" : "km","category" : "length"},{"value" : "8","unit" : "km","category" : "length"},{"value" : "8","unit" : "km","category" : "length"}],"polar.usc.edu/FFC1648FD2D4B20E3923DA033BDD1051F8B81D15E05C4D11C0E34096BA814A8C" :[{"value" : "1","unit" : "week","category" : "time"},{"value" : "1","unit" : "month","category" : "time"},{"value" : "1","unit" : "month","category" : "time"}],"polar.usc.edu/FFC1A70FBA731FF65839A1E537790C9B3575CC94AA5148EF319F70DA175E4068" :[{"value" : "10","unit" : "cm","category" : "length"},{"value" : "10","unit" : "cm","category" : "length"},{"value" : "10","unit" : "cm","category" : "length"},{"value" : "10","unit" : "cm","category" : "length"}],"polar.usc.edu/FFC32B1776F9B63F1169C6939F3729BEE5F438AF00F59DC2DC8E1CCCAC9904F0" :[{"value" : "90","unit" : "degree","category" : "temperature"}],"polar.usc.edu/FFC4278183FDC30A9083289EC18990EFB0776DCB27141725C46CFA476FC59E77" :[{"value" : "5","unit" : "second","category" : "time"}],"polar.usc.edu/FFC48EFBE826AE787167928ED89A216415F62E34FAF0CD9B823C28B513578844" :[{"value" : "30","unit" : "year","category" : "time"}],"polar.usc.edu/FFC505B6A9DD1A2925F901198868D40AACB66B8904ABBB0E65818E51F2D3F5A1" :[{"value" : "21","unit" : "kilometers","category" : "length"}],"polar.usc.edu/FFC639C20A16FF92B32BDD1D231C7157942016319FA0CB93D59CDA51D73A1E33" :[{"value" : "1","unit" : "meter","category" : "length"},{"value" : "2","unit" : "degree","category" : "temperature"}],"polar.usc.edu/FFC65D3A359AC10972AE5E152546567C9C5E01923FB8FD8285648E8EE2D426CE" :[{"value" : "12","unit" : "hour","category" : "time"}],"polar.usc.edu/FFC985FDC3AEF329D221C5BBB08045643F56D36FBFDE69581FCC20F6DF30E415" :[{"value" : "15","unit" : "second","category" : "time"}],"polar.usc.edu/FFC9CCFC373B2B5899ABFE1DBB3857210B7A5B6D27A2683034749D1E63768F29" :[{"value" : "783","unit" : "km","category" : "length"},{"value" : "787","unit" : "km","category" : "length"},{"value" : "2750","unit" : "kg","category" : "weight"},{"value" : "1500","unit" : "kg","category" : "weight"}],"polar.usc.edu/FFC9CEF3035CB46100211747402CEDE8C2156C37B0F4BAF91AE8DEEA00856D53" :[{"value" : "3","unit" : "hour","category" : "time"},{"value" : "33","unit" : "hour","category" : "time"},{"value" : "6","unit" : "hour","category" : "time"},{"value" : "500","unit" : "km","category" : "length"}],"polar.usc.edu/FFCA33395A14014475DE5019053D6ADA70F3ED7AFA110690B7D53322A99BBA0E" :[{"value" : "20","unit" : "meter","category" : "length"}],"polar.usc.edu/FFCAE2652A282E8CB3749052209DF09A970001982AEDC3F80080362852BC4457" :[{"value" : "8","unit" : "year","category" : "time"}],"polar.usc.edu/FFCAF9666D405DE3F7ACFF7B4FECB78D0AB03F4DA0B6E5AD7C4419BBECDCF7FE" :[{"value" : "3","unit" : "feet","category" : "length"}],"polar.usc.edu/FFCC08198EA45EAE4F645E14449CE32C4857039590B0B794AB3045A55E2F480D" :[{"value" : "36","unit" : "km","category" : "length"},{"value" : "36","unit" : "km","category" : "length"}],"polar.usc.edu/FFCD02D15B151233CC640FBE3C56617CE5B16B8DE440DD051FFC9AC3AB58043D" :[{"value" : "200","unit" : "year","category" : "time"},{"value" : "700","unit" : "year","category" : "time"},{"value" : "10","unit" : "year","category" : "time"}],"polar.usc.edu/FFCEFBE6F59D30D39E22E8ACADC4C3AB0D7791901D6922E9FEE261E5B8D225BB" :[{"value" : "15","unit" : "kg","category" : "weight"},{"value" : "377","unit" : "km","category" : "length"},{"value" : "377","unit" : "km","category" : "length"}],"polar.usc.edu/FFCF5DBEB07D27F46973AB991684EE94B544200EB29D91EE262159C279DBAE59" :[{"value" : "10","unit" : "minute","category" : "time"}],"polar.usc.edu/FFD0B12759BC046C019A50E9DC42BE6372D3E8BE000A0548051D038B3FE19E6C" :[{"value" : "200","unit" : "year","category" : "time"},{"value" : "700","unit" : "year","category" : "time"},{"value" : "10","unit" : "year","category" : "time"},{"value" : "200","unit" : "year","category" : "time"},{"value" : "700","unit" : "year","category" : "time"},{"value" : "10","unit" : "year","category" : "time"}],"polar.usc.edu/FFD1068749567EE211E331AE095DEFED4806CA2882A85D02ECB934840865C38C" :[{"value" : "10","unit" : "degree","category" : "temperature"}],"polar.usc.edu/FFD1BA981D9A025B0A12FE43250AF6ED0814EB5537D0422FDA8DC9CDEDB24F97" :[{"value" : "400","unit" : "kilometers","category" : "length"}],"polar.usc.edu/FFD4BC06725905D517B077BCE26543D312CFA0AB11267AB35FDE4D1B45A416C3" :[{"value" : "220","unit" : "kilometers","category" : "length"}],"polar.usc.edu/FFDABD2D99D2EAB04624D32DFB2402F34A7D5715061F0B80861A07DB05EA3F6D" :[{"value" : "100","unit" : "km","category" : "length"}],"polar.usc.edu/FFDCE1B9F7AEB48BEF50FF31AF67E6210476E6449BCEC2FABBAC2D0AB22D54D4" :[{"value" : "290","unit" : "kilometers","category" : "length"}],"polar.usc.edu/FFE035AD7FDF815C392AFACAEC680A2EF7446296F9B2BFD7E9F848997D8B958E" :[{"value" : "1","unit" : "month","category" : "time"}],"polar.usc.edu/FFE0DE0F830DED469EF91ABDADD3B6C41D161AE1F49124D19177A33E6A97260D" :[{"value" : "1500","unit" : "km","category" : "length"}],"polar.usc.edu/FFE1ED10C82363225677DBCEEA89318BC1BC0EC979C98E74A168DA05B77AC65D" :[{"value" : "1","unit" : "km","category" : "length"},{"value" : "1","unit" : "km","category" : "length"},{"value" : "1","unit" : "km","category" : "length"},{"value" : "1","unit" : "km","category" : "length"}],"polar.usc.edu/FFE29FB2006AB307DA63C70437F027D433293D2E8F1A96EB3D00C60DF8AE084B" :[{"value" : "1","unit" : "year","category" : "time"}],"polar.usc.edu/FFE3C6E594E9202099C5C0FD5A5764A8D76204D7489A8F7F049C972AD1508160" :[{"value" : "106","unit" : "f","category" : "temperature"},{"value" : "106","unit" : "f","category" : "temperature"}],"polar.usc.edu/FFE59CF0E54218322B07E151F2E9137C9504BD1F2C91F55D343C2D122B899498" :[{"value" : "20","unit" : "meter","category" : "length"}],"polar.usc.edu/FFE605BC1D0A53D76413C364B4FB110FF013D99238A3EBB88FEDC196704C8613" :[{"value" : "1170","unit" : "km","category" : "length"},{"value" : "60","unit" : "km","category" : "length"},{"value" : "60","unit" : "km","category" : "length"}],"polar.usc.edu/FFE6DE630ADD12D3B91EA9B47A02CB7636E0F980B0EA0E7C279DFD8CE2009BB1" :[{"value" : "1","unit" : "year","category" : "time"}],"polar.usc.edu/FFE7458562E84AFCCDD24E83421D9C6978B5260628E4CF24548AC65BA0AC39CE" :[{"value" : "1","unit" : "year","category" : "time"}],"polar.usc.edu/FFE7B2D07252E2FA4F2DE395E7EC6818907C72DE7B117C00E36D9BAC56EBF6FD" :[{"value" : "25","unit" : "km","category" : "length"},{"value" : "25","unit" : "km","category" : "length"},{"value" : "25","unit" : "km","category" : "length"},{"value" : "1","unit" : "day","category" : "time"}],"polar.usc.edu/FFE872416229A7D14F84F37CC65DE1C90156470EE7C8DB83DB01B35832A4072E" :[{"value" : "10","unit" : "year","category" : "time"}],"polar.usc.edu/FFE98676CD6550FEAB640B9B57429D5781576F81754C9DAB499559D4CCE5DB06" :[{"value" : "2014","unit" : "year","category" : "time"}],"polar.usc.edu/FFEAF3FB7A4F6EDE73715FFDA4A6B504FABF27D3E928755B116D1C432A46AB91" :[{"value" : "98","unit" : "minute","category" : "time"}],"polar.usc.edu/FFEB7BA86A0EE58D90225ECD4C4D46A33FF01C875F05795B95B9CBF11684F17C" :[{"value" : "5","unit" : "km","category" : "length"},{"value" : "5","unit" : "km","category" : "length"},{"value" : "5","unit" : "km","category" : "length"}],"polar.usc.edu/FFEBD86249417807253620886EDA3E5D0EAD592CEF67CAD9ED2639A77F184CC6" :[{"value" : "1","unit" : "cm","category" : "length"}],"polar.usc.edu/FFEBE7AE5CDE0B78558D6D949293B594FBAC243FCBEDF81AFED2B0AD5E91F589" :[{"value" : "1","unit" : "week","category" : "time"},{"value" : "641","unit" : "inches","category" : "length"},{"value" : "1","unit" : "month","category" : "time"},{"value" : "1","unit" : "month","category" : "time"}],"polar.usc.edu/FFEE3165251DF9360966ED06CA85B6EFA4D8430CEBD3CD059F361710CB73E432" :[{"value" : "5","unit" : "km","category" : "length"},{"value" : "400","unit" : "km","category" : "length"},{"value" : "60","unit" : "km","category" : "length"},{"value" : "100","unit" : "km","category" : "length"},{"value" : "250","unit" : "km","category" : "length"},{"value" : "250","unit" : "km","category" : "length"},{"value" : "5","unit" : "km","category" : "length"}],"polar.usc.edu/FFEE35827B463FCC9B8108AE9F0480C8450A3CF0222D9962850E4370B276C781" :[{"value" : "5","unit" : "minute","category" : "time"}],"polar.usc.edu/FFEE493087B4C875F64A494CE76ABAC7FE5F82EE5DC55F88A116D2FEAB06ACDD" :[{"value" : "27","unit" : "inch","category" : "length"}],"polar.usc.edu/FFEF80ABF21863489EC4E035984E5C03164DE86E5C684D3A1E511E1F2B533CE3" :[{"value" : "30","unit" : "feet","category" : "length"},{"value" : "2","unit" : "feet","category" : "length"}],"polar.usc.edu/FFEFD84028AB504BA7F30283DE1CDEB15A1B5E2091A294C5383DA9B65AC26649" :[{"value" : "822","unit" : "km","category" : "length"}],"polar.usc.edu/FFF0138D647282E176A8E9371454D58974B3E56A3C002710CE44406DAE92AA8E" :[{"value" : "000","unit" : "km","category" : "length"}],"polar.usc.edu/FFF075E99E9EB39B833B58BECA438FF4EB96779BB5C9592233496D2D7DEC725C" :[{"value" : "1","unit" : "km","category" : "length"}],"polar.usc.edu/FFF11895F745A88CA8B969A509C03EC02D33CD3EA3DB4E3658D584B8D7E7EB3C" :[{"value" : "87","unit" : "km","category" : "length"}],"polar.usc.edu/FFF17E62891814E8C0FD1986B34CA32771D662E62FB08AC07C5200D3E6166F23" :[{"value" : "1","unit" : "km","category" : "length"},{"value" : "1","unit" : "km","category" : "length"},{"value" : "1","unit" : "km","category" : "length"},{"value" : "1","unit" : "km","category" : "length"}],"polar.usc.edu/FFF1A5B909CC8D769050B189607CB516AEF0CBBC5A3412A47A8E05C7EDDC0F6C" :[{"value" : "5","unit" : "km","category" : "length"},{"value" : "5","unit" : "km","category" : "length"},{"value" : "83","unit" : "km","category" : "length"}],"polar.usc.edu/FFF204F4B18C9AD817F07F1898348B977D7F1EBEAEEC27E5ADC3E32AABED29CA" :[{"value" : "5","unit" : "day","category" : "time"}],"polar.usc.edu/FFF239EFBB964071C64972B8C8DCE9DC5BC10F3AD0632132B6B1FC0D24027A91" :[{"value" : "1","unit" : "meter","category" : "length"}],"polar.usc.edu/FFF3E2325C29D0E543F559740A9311A7D5732ED6861425A9B2CBDEB6D0D33341" :[{"value" : "25","unit" : "km","category" : "length"},{"value" : "37","unit" : "km","category" : "length"},{"value" : "25","unit" : "km","category" : "length"},{"value" : "37","unit" : "km","category" : "length"},{"value" : "25","unit" : "km","category" : "length"},{"value" : "37","unit" : "km","category" : "length"}],"polar.usc.edu/FFF5B561B27CE1DBDCBFBA3F4947CDA57B6F5FB3F1951C1BEB924779B1D72CE1" :[{"value" : "200","unit" : "g","category" : "weight"},{"value" : "200","unit" : "g","category" : "weight"},{"value" : "1","unit" : "cm","category" : "length"},{"value" : "100","unit" : "ml","category" : "volume"},{"value" : "2","unit" : "mm","category" : "length"},{"value" : "2","unit" : "mm","category" : "length"}],"polar.usc.edu/FFF840D09909C4C272B29EE5B5A1D94069E84899B81DABE4E8B608A8199AD845" :[{"value" : "10","unit" : "meter","category" : "length"},{"value" : "10","unit" : "meter","category" : "length"}],"polar.usc.edu/FFF94A979350FCA12C617DC80BAD1CF05DF087132676D567DA7AC3363B25F43B" :[{"value" : "12","unit" : "hour","category" : "time"}],"polar.usc.edu/FFF98D2B57A390A8D2D8F75183E7AF69B543DD70B394688B6050F322739466E1" :[{"value" : "1","unit" : "km","category" : "length"},{"value" : "1","unit" : "km","category" : "length"}],"polar.usc.edu/FFFAEC673CED80DB23F9140C1AD17A1BBF04BD0AFB96781D62D0630AFB95B721" :[{"value" : "12","unit" : "hour","category" : "time"},{"value" : "12","unit" : "hour","category" : "time"},{"value" : "12","unit" : "hour","category" : "time"},{"value" : "40","unit" : "km","category" : "length"},{"value" : "100","unit" : "km","category" : "length"}],"polar.usc.edu/FFFC9B4F2488325A0242CA1A7BCEBD80337C578C2F6AB9DF6BADCE1EF8090EA8" :[{"value" : "48","unit" : "inch","category" : "length"}],"polar.usc.edu/FFFCB3E3373C01992053D1C32406148ECBF8650DA03A1F6AC262A2479C537A30" :[{"value" : "55","unit" : "cm","category" : "length"}],"polar.usc.edu/FFFD005BD971B988965C1CAB3475C4FA60DF3240AFC212B4D95934BD12E59724" :[{"value" : "100","unit" : "km","category" : "length"},{"value" : "4","unit" : "km","category" : "length"},{"value" : "4","unit" : "km","category" : "length"}],"polar.usc.edu/FFFD3B5840A59F6562BC3FC834EE205E38450C35E313C1E3A030BD815BE19FC4" :[{"value" : "200","unit" : "year","category" : "time"},{"value" : "700","unit" : "year","category" : "time"},{"value" : "10","unit" : "year","category" : "time"}],"polar.usc.edu/FFFDB30815C23CFBC86848D65C6EBE486E56B6A684574D703F5524F30BE3FA7B" :[{"value" : "90","unit" : "day","category" : "time"}],"polar.usc.edu/FFFDE52E61A797D9047F11C16B5F412416A52D4601CA9E88A000A9EA7BF001BD" :[{"value" : "4","unit" : "mm","category" : "length"}],"polar.usc.edu/FFFE5782902B458C2664C71AF31B60F3FF8A8CC5E131CA2B9F55729839CD9F32" :[{"value" : "150","unit" : "km","category" : "length"}],"polar.usc.edu/FFFEEEEB529708F433941FF0A13101ED3C5B657836BB2074E13DAFFB793C78A9" :[{"value" : "800","unit" : "km","category" : "length"},{"value" : "67000","unit" : "km","category" : "length"}],"polar.usc.edu/FFFFE4B6F0E0A6A004E8A06FCE735D8FC820455E776605E6895B444DCFE7EB77" :[{"value" : "1250","unit" : "year","category" : "time"},{"value" : "4","unit" : "km","category" : "length"}]}