[{"id" :"polar.usc.edu/FFE44EBAA1EFA7E6430C935A55A1FF774EB5840DD0CC55D86EEB026B1B8A1E59","category" :["matrRockIgneous", "realmGeolConstituent"]},{"id" :"polar.usc.edu/FFE47D2B05A6DDA9A3CAFDD224DF36C9EE2D267E9E6CBD6D317D2C51FD96FEFD","category" :["matrNaturalResource", "stateRoleGeographic"]},{"id" :"polar.usc.edu/FFE4AA14A99D8033F36C6796951B2AABA0BDCBEB5316EF10D548D83D68A84A9F","category" :["humanTransportation", "propSpace"]},{"id" :"polar.usc.edu/FFE4D4E8AD378B05089480545C0F72E255AE16BFFF5303B5E29F18B24E76840F","category" :["matrSediment", "realmAtmo"]},{"id" :"polar.usc.edu/FFE4E206A8D58AD4A8CC7C88F6F6D54AA14C4E94090A52C4E798E7F1CB265C41","category" :["phenFluidTransport", "stateRoleImpact"]},{"id" :"polar.usc.edu/FFE50824CB295453A4332E179CF9D9C757009F8A9DE9EF38A9B6C67FF2776294","category" :["propCategorical", "realmGeolBasin"]},{"id" :"polar.usc.edu/FFE55CEB6F772DA036A4468844B80BC3D7AA6A549BB81090229C6EACB70CE48B","category" :["propDiffusivity", "stateThermodynamic"]},{"id" :"polar.usc.edu/FFE59CF0E54218322B07E151F2E9137C9504BD1F2C91F55D343C2D122B899498","category" :["phenGeolGeomorphology", "relaHuman"]},{"id" :"polar.usc.edu/FFE5F4A5BAD136AC6DB970687FE1089448427354AFC271C79DD49902DE34542F","category" :["humanTechReadiness", "realmHydroBody"]},{"id" :"polar.usc.edu/FFE5F6CC54BBEDF5D3255FBA515E0D3CEC7ABA94A9ECC7C46DAD7CB210AA7A8A","category" :["matrMineral", "reprSciModel"]},{"id" :"polar.usc.edu/FFE605BC1D0A53D76413C364B4FB110FF013D99238A3EBB88FEDC196704C8613","category" :["matrSediment", "stateThermodynamic"]},{"id" :"polar.usc.edu/FFE62914A3E45AF22E7104FC41565302EB6F51DC34B6DAC78DB0CA41859F70CD","category" :["matrIon", "realmAtmoWeather"]},{"id" :"polar.usc.edu/FFE6646A1F7886FD9294F8ECADA38DD4A18AF61166BE43FE98ED42AD3BEAD3CD","category" :["phenEnergy", "realmLandVolcanic"]},{"id" :"polar.usc.edu/FFE6A03DC6AF4AA8297BBBEBAA228D551A62FA1994BF0E2813FDB52C3333BD29","category" :["propDiffusivity", "realmEarthReference"]},{"id" :"polar.usc.edu/FFE6BF4B936231E64C457EEAEC2D0290C260BF477AA97146E2B4ECDE4C6F96EA","category" :["propChemical", "realmLandTectonic"]},{"id" :"polar.usc.edu/FFE6DE630ADD12D3B91EA9B47A02CB7636E0F980B0EA0E7C279DFD8CE2009BB1","category" :["matrAerosol", "stateSystem"]},{"id" :"polar.usc.edu/FFE6EF635A2F7F2E586BA1CC9F40638385BF21AA13BC269AC325AA2AA80B4E8F","category" :["propDifference", "realmClimateZone"]},{"id" :"polar.usc.edu/FFE7057CA47C268594677C0828BF68FFEC3461F413979AF94FA4332DB75B567B","category" :["phenAtmoFog", "reprMath"]},{"id" :"polar.usc.edu/FFE71C781C8FEA734E6022ABE39CDE4E26E196BC8C98C4D6E47647FAA85BA5B0","category" :["phenFluidInstability", "relaPhysical"]},{"id" :"polar.usc.edu/FFE71E6D1AFC3A35B6EA46DB22AB9011B5F39F5826066410608FA64306F2174C","category" :["phenSystem", "stateRoleRepresentative"]},{"id" :"polar.usc.edu/FFE725E7115C997904DC2A53F8E86FE754A1614181E0736167FF9C4793E0A17D","category" :["matrAerosol", "stateSpace"]},{"id" :"polar.usc.edu/FFE7327C1DEF55683D2D86FC97F6861B20DC8C35DA9CFF876B675A5565130762","category" :["phenAtmoCloud", "reprMath"]},{"id" :"polar.usc.edu/FFE73904B000D1A6C2D5CDCF5061ECC4300B5B9AB5E0D9F4162244088F8B2339","category" :["propCategorical", "realmAstroBody"]},{"id" :"polar.usc.edu/FFE73D264D556E5E1E1F9A726B4FB69A207710FD042403059507CB9938551A84","category" :["propFraction", "stateSpectralLine"]},{"id" :"polar.usc.edu/FFE73E7034DA0C65757F6797A652BA68D47EB35863D9D1DD68E82549530AB36D","category" :["propMassFlux", "stateVisibility"]},{"id" :"polar.usc.edu/FFE7458562E84AFCCDD24E83421D9C6978B5260628E4CF24548AC65BA0AC39CE","category" :["phenGeolGeomorphology", "propTemperatureGradient"]},{"id" :"polar.usc.edu/FFE78FD8ED31667E3EE93AB7F9B352B28AC2DDAF53B95511AECD8E533634E50B","category" :["matrParticle", "realmLandVolcanic"]},{"id" :"polar.usc.edu/FFE7915F596FEADA362D70E55DFF267C3AA480EC84FDC30A83DBAABBE19C077C","category" :["phenEnergy", "stateRoleGeographic"]},{"id" :"polar.usc.edu/FFE7928D5BA0B7C982BD92FACA1DA87CA9CEECF57FD9B24B95E00A1E4BA3049D","category" :["propDiffusivity", "relaSpace"]},{"id" :"polar.usc.edu/FFE7B2D07252E2FA4F2DE395E7EC6818907C72DE7B117C00E36D9BAC56EBF6FD","category" :["propCategorical", "realmGeolOrogen"]},{"id" :"polar.usc.edu/FFE7BB88269BF379949DCA2CB40693C7837579C1F2EF11C5849C7A3F7CE46FF7","category" :["propEnergyFlux", "stateSpaceConfiguration"]},{"id" :"polar.usc.edu/FFE7C1EF514ACC7B076BACACEE030756B504B11A3A75B3D34DCDF97416992B78","category" :["propCount", "stateEnergyFlux"]},{"id" :"polar.usc.edu/FFE7C4DBA4C24F3C48DBB4CF2615A6439BFD919FFBB8C630A6AA7275FFE01135","category" :["phenHelio", "propTimeFrequency"]},{"id" :"polar.usc.edu/FFE7D465A81128F948BD9762B4490319AF4A758E68D16F52A666B4BF7AAFA45C","category" :["matrInstrument", "relaPhysical"]},{"id" :"polar.usc.edu/FFE7F5FAB54013A7DA7ECCA663B99464C19A8B92E449E526A001EAB48322B415","category" :["propChemical", "relaMath"]},{"id" :"polar.usc.edu/FFE80E14060497D0A8CC7042CD6F437D2E20D5F031675B7DA398B1733EDF7F92","category" :["phenAtmoWind", "realmGeolBasin"]},{"id" :"polar.usc.edu/FFE817C30297D56F523117D67FA0556B6E8993073C11D203D21F0130B5750AE1","category" :["proc", "reprSpaceReferenceSystem"]},{"id" :"polar.usc.edu/FFE8602EE21E686B2E78A20276921699BE13CEF645B80220B88930C17EEBF3DA","category" :["matrIon", "repr"]},{"id" :"polar.usc.edu/FFE870A20C0B82F37346E89478C3C8AF24076A81CDD7C72F8A3450F298BD16BA","category" :["phenEnvirImpact", "propSpaceDistance"]},{"id" :"polar.usc.edu/FFE872416229A7D14F84F37CC65DE1C90156470EE7C8DB83DB01B35832A4072E","category" :["phenOceanDynamics", "reprTime"]},{"id" :"polar.usc.edu/FFE87E7BA9D0597DA61D5C01BFCB3A9861E01D57A9B735622B1CCE833C2D84AB","category" :["matrElementalMolecule", "realmHydro"]},{"id" :"polar.usc.edu/FFE89A605981B34E60B2DA6F2C34347A9237AE03598BBE964EE33A03CEAC0293","category" :["humanAgriculture", "reprDataServiceReduction"]},{"id" :"polar.usc.edu/FFE89F7CA3EA2FE520F5CA128943EDDD48F065952C1D37913BAEEC7C7F81BB39","category" :["phenAtmoTransport", "realmBiolBiome"]},{"id" :"polar.usc.edu/FFE8A08633C2354BFCFDA2E570AE0409B0D66E0D6AE1EF07BD2D0D1FBE4A64E5","category" :["propMassFlux", "statePhysical"]},{"id" :"polar.usc.edu/FFE8AB714C76B430AB89909E1726125A3EB3040F42D67574F83C46A2A434AF74","category" :["propBinary", "propSpaceMultidimensional"]},{"id" :"polar.usc.edu/FFE8B1FD2E91DBFB3DBFABEB5682DFB30AA2F5D7D2B8DA066B4FB7B9E16936F0","category" :["propCount", "realmBiolBiome"]},{"id" :"polar.usc.edu/FFE8C9BEFA0189D0A8CDA694E11756D4267A097A80451905EFAFF7385C7E13BC","category" :["phenEnergy", "reprMathSolution"]},{"id" :"polar.usc.edu/FFE8DDC8F400527E9074AD808460A36318CE27D2672271000714101ECA171645","category" :["propDimensionlessRatio", "reprDataProduct"]},{"id" :"polar.usc.edu/FFE8FE73A41C9780F9789DE079217F8EB2745EE12282A08C9046AD03A09BD4A6","category" :["phenGeolFault", "propFunction"]},{"id" :"polar.usc.edu/FFE90B50FE3BE672003740C9D904B6DD68AF756633E84441BD95063256F64CA0","category" :["phenAtmoTransport", "realmBiolBiome"]},{"id" :"polar.usc.edu/FFE939B8470B36581F0F9E6A1F711136692014106A3B864FC1455A9669AAEF59","category" :["humanAgriculture", "stateVisibility"]},{"id" :"polar.usc.edu/FFE9425899B70E6C0AED2B1369EA25FA40F94C47046EEAF33912A59041775DFA","category" :["propCapacity", "reprSpaceGeometry"]},{"id" :"polar.usc.edu/FFE946919C200AD5CD68727BEBF8B1E320C8F7162847C0074AB06FECF065DF89","category" :["propFraction", "propSpaceDistance"]},{"id" :"polar.usc.edu/FFE960BC4C0FA53D310E6523C7D1B715ED9E087FBA812F83D09E2D61B58AD5A6","category" :["phenBiol", "stateStorm"]},{"id" :"polar.usc.edu/FFE97C452C40C3BDBBA5581201E051654933B84D4764103E334C804A2696EEA6","category" :["phenSolid", "stateVisibility"]},{"id" :"polar.usc.edu/FFE98676CD6550FEAB640B9B57429D5781576F81754C9DAB499559D4CCE5DB06","category" :["phenAtmoFog", "relaHuman"]},{"id" :"polar.usc.edu/FFE996D77DDABCED68501D59110474BB5C30077028D18B53D08D06C3E885105C","category" :["phenCycle", "stateTimeFrequency"]},{"id" :"polar.usc.edu/FFE9E6095CEADA26A36BAAF17AF302A9FE12CBE6788E7ECE0B8A243A8C83C56A","category" :["matrIndustrial", "propPressure"]},{"id" :"polar.usc.edu/FFE9EED315E02680AB58D8C51A85B6844B3DF25EB61725933C94BA992FC5A6FD","category" :["matrParticle", "propSpace"]},{"id" :"polar.usc.edu/FFE9EFDAF1D7F49212C838197338F4E3F32CE23B753F63E0AB356726B9A318A6","category" :["phenAtmoCloud", "reprMathStatistics"]},{"id" :"polar.usc.edu/FFEA1F67E1361D21D137C916574A2A6522E7853177C48C740C1206034286EBDF","category" :["matrNaturalResource", "realm"]},{"id" :"polar.usc.edu/FFEA2DAB639698F54D5D402A2DD9573FE3052D207D606F8F7E559F4B31E17719","category" :["propBinary", "reprDataModel"]},{"id" :"polar.usc.edu/FFEA39AF030E0E3F640F41DB1F4D07D76BE9A54E08643DF1A7D319A7F4D62C07","category" :["propEnergyFlux", "realmBiolBiome"]},{"id" :"polar.usc.edu/FFEA48980D9AB8D05D3BA63687D14891FDF0E1B9CA184511B2D50406E54F5251","category" :["phenPlanetClimate", "human"]},{"id" :"polar.usc.edu/FFEA4B5C5D8DA72A4F5A6D1E9BD68DAF8624574763BE920FFDBBBA9EC262DC46","category" :["matrElement", "realmLandGlacial"]},{"id" :"polar.usc.edu/FFEA58DB11241D1A558CE7D110B1541621F80D607A1DDFAF7901F70EC3B8B932","category" :["humanEnvirAssessment", "reprSciProvenance"]},{"id" :"polar.usc.edu/FFEA6B0AA59163A79B08740F7D3F3D2D36BDA168C9DA72E3CC441C1D69A2DE54","category" :["matrIsotope", "propSpaceDirection"]},{"id" :"polar.usc.edu/FFEA781328EB2FA27DD3E24C70F6178B081A21F2E1BB5B4436B7015B0401FB5B","category" :["phenFluidTransport", "propSpaceHeight"]},{"id" :"polar.usc.edu/FFEA78F307927047470854B51BDE132E2550A30FE54442696F44F732A7338C11","category" :["propCategorical", "realmAstroHelio"]},{"id" :"polar.usc.edu/FFEA88479D6985FF9E798B6947D7C0CC42BEDF9C519A04AEB40DAFBE46D6AA08","category" :["proc", "realmGeol"]},{"id" :"polar.usc.edu/FFEAB52CD1ACD514BEAF1DA969989798B1BC9CAE4258E695E0A07A1D8A234B21","category" :["humanTechReadiness", "realmLandTectonic"]},{"id" :"polar.usc.edu/FFEACBF42779E6F71BC6D29DC4AFE3904C083FAA8D7FA301EBF2EDE5F5993B1B","category" :["phenAtmoWind", "relaMath"]},{"id" :"polar.usc.edu/FFEAE3A654EEEDA6B98B8955F2DC63F0EFA53A83DE0F39BE01AC59E482CC2211","category" :["propIndex", "stateTimeGeologic"]},{"id" :"polar.usc.edu/FFEAEE48808F01D6D1AA9EBC6F47BF1ACEAC7B68E695369555D6958B587AA1E5","category" :["phenAtmoFog", "stateRoleRepresentative"]},{"id" :"polar.usc.edu/FFEAF23F67601295F4C582B9D33F1454EAC3465496ECD75FBD36E2770048B663","category" :["phenAtmoFront", "realmAtmoBoundaryLayer"]},{"id" :"polar.usc.edu/FFEAF3FB7A4F6EDE73715FFDA4A6B504FABF27D3E928755B116D1C432A46AB91","category" :["propFraction", "propSpaceLocation"]},{"id" :"polar.usc.edu/FFEB0EC61737975EF4F528C52B5104CE49A44236E3755F3A0D0E6E07F6069154","category" :["matrBiomass", "realmHydroBody"]},{"id" :"polar.usc.edu/FFEB15B7D30730716D33DC2A7D3C288BE13D3B4BB2FA2B7AE60810B01DB681B1","category" :["matrElement", "realmOceanFloor"]},{"id" :"polar.usc.edu/FFEB1ED52C90D1DDFA1914DB50D39A84AE5C6DE1081347DF221BB186F9C1CEB9","category" :["matrWater", "realmCryo"]},{"id" :"polar.usc.edu/FFEB7BA86A0EE58D90225ECD4C4D46A33FF01C875F05795B95B9CBF11684F17C","category" :["matrIon", "reprSciFunction"]},{"id" :"polar.usc.edu/FFEB9434D7EEC7424B580F11AADA8C80460088733B139A88A64ED2C41EFB8C04","category" :["procChemical", "propPressure"]},{"id" :"polar.usc.edu/FFEB9ADEB1A45BF34C7A35358FBDE67179ADCFC35DE63B6EF39E8E64CE8D2533","category" :["prop", "stateEnergyFlux"]},{"id" :"polar.usc.edu/FFEBD86249417807253620886EDA3E5D0EAD592CEF67CAD9ED2639A77F184CC6","category" :["phenAtmoPrecipitation", "relaSpace"]},{"id" :"polar.usc.edu/FFEBE005CEA1A9053B6677489A3C4A4F3C1F897F19E6FA2EF41F7F9FD842335B","category" :["humanEnvirConservation", "relaProvenance"]},{"id" :"polar.usc.edu/FFEBE7AE5CDE0B78558D6D949293B594FBAC243FCBEDF81AFED2B0AD5E91F589","category" :["matrPlant", "reprDataServiceValidation"]},{"id" :"polar.usc.edu/FFEC0801290138DD51A9A37C087FF8A7FB2E90F1B19E5D55790BF757AB624EDC","category" :["propConductivity", "reprSciComponent"]},{"id" :"polar.usc.edu/FFEC2B9D52D95B5731094D6A74C76CFFEE71D8198E29D8649E3996FB775C365E","category" :["phenSystemComplexity", "propSpaceMultidimensional"]},{"id" :"polar.usc.edu/FFEC334A72C6E1C5D4DDF2E8E08B8BC9AA5FAB64A0126E3B8884EAC9B701EBEF","category" :["phenOceanDynamics", "reprSpaceGeometry"]},{"id" :"polar.usc.edu/FFEC77BD5A9DCC5AC9FDE39F4B34921AA102E8B05F6BEA1D6203931DCD89941E","category" :["matrFacility", "stateRole"]},{"id" :"polar.usc.edu/FFEC85FD997FC6F702F04BE6E415965535F6EECB1352EF63A3DF11E7C32D224F","category" :["matrEquipment", "human"]},{"id" :"polar.usc.edu/FFEC8ACFAE8707BCD67E3A6E75D9E63B73CD06CDC2B5AD9CA9A9B437A2C7E6C5","category" :["humanEnvirStandards", "stateRoleBiological"]},{"id" :"polar.usc.edu/FFECDAD5565BC7D0491BC2FEB11DAB20EA8046B2AC9BE39428139F40EB404ED8","category" :["phenSolid", "reprSciProvenance"]},{"id" :"polar.usc.edu/FFECDC1858C8583875B292C44DA48277C8CB36D02C4CBF70DA373B6F294FAA71","category" :["humanTransportation", "stateTimeFrequency"]},{"id" :"polar.usc.edu/FFED0CFEC49B65800210F853DDA1EB903916895835DE7014A0F88D39A0CFA3C2","category" :["phenAtmoFog", "realmGeolOrogen"]},{"id" :"polar.usc.edu/FFED267ED8EDA4F295CFA80A5A75F55A77106EB52B303B1D5FA133096F96EAF0","category" :["phenMixing", "reprDataFormat"]},{"id" :"polar.usc.edu/FFED4153264357839AA75AA1219CA139351598591B9632FA8E131471A898AAD8","category" :["matrBiomass", "reprDataModel"]},{"id" :"polar.usc.edu/FFEDB9556BE901EC45A9DEBDA1A706F00EAEC8BED147B7606F75855B88966CAE","category" :["matrIon", "relaChemical"]},{"id" :"polar.usc.edu/FFEDC329DC5B5F363B737EC26A296A52558ED1C1716FC6729EC414FBAF59114F","category" :["phenHelio", "relaClimate"]},{"id" :"polar.usc.edu/FFEDCE06B7E6F3428E7A80BA846941BED559C51DB3270885187CC6B78A9B24BD","category" :["procChemical", "rela"]},{"id" :"polar.usc.edu/FFEDD720DAE59EA3423F5FE598DDEA2708B48E46997E285541CC151C82981A06","category" :["proc", "reprDataServiceGeospatial"]},{"id" :"polar.usc.edu/FFEDF512B17455E203D448404420F5043F9906D06931445EED94814C86DD9D50","category" :["phenFluidInstability", "relaClimate"]},{"id" :"polar.usc.edu/FFEE10F59CFE7EC3F6FD3CFD376953E63289ABD9DE8C575E91507995BF1D30ED","category" :["phenFluidInstability", "state"]},{"id" :"polar.usc.edu/FFEE1472742BFF1D0B560831196F89B3FFAF72AE4F13E09194B37430B7CC2577","category" :["matrEnergy", "realmAtmoWeather"]},{"id" :"polar.usc.edu/FFEE3165251DF9360966ED06CA85B6EFA4D8430CEBD3CD059F361710CB73E432","category" :["humanEnvirAssessment", "reprTimeSeason"]},{"id" :"polar.usc.edu/FFEE35827B463FCC9B8108AE9F0480C8450A3CF0222D9962850E4370B276C781","category" :["propDiffusivity", "propFunction"]},{"id" :"polar.usc.edu/FFEE493087B4C875F64A494CE76ABAC7FE5F82EE5DC55F88A116D2FEAB06ACDD","category" :["propBinary", "propSpaceMultidimensional"]},{"id" :"polar.usc.edu/FFEE631FA72FFDBAD72C8BA15A8FC98AA00B2671B18A9350E80651AB60522488","category" :["proc", "stateTimeFrequency"]},{"id" :"polar.usc.edu/FFEE6939664B636CBE1FEF378449E7A750F41952E23EA136AC43DF70C37EC262","category" :["phenAtmoPressure", "relaSpace"]},{"id" :"polar.usc.edu/FFEE6AF10A251E15CBC97E6E7BA9DD7CA5176824EFAC8C26FF0267B9909BD6E5","category" :["humanDecision", "repr"]},{"id" :"polar.usc.edu/FFEE6B72A9F91F9A99B83681A81F9731482CFF608A207DAC9A9B677701A033F9","category" :["matrEnergy", "stateRole"]},{"id" :"polar.usc.edu/FFEE98159A35367BCC37B8A0D3E66FC768A4EB1A95951ACB28606CCB88B02332","category" :["phenGeolSeismicity", "reprSpaceGeometry"]},{"id" :"polar.usc.edu/FFEE9DE781462024BC84E4DA10ED9BCFA9CA60F90DE521B5E0EA14A7C6061825","category" :["matrIon", "stateSpace"]},{"id" :"polar.usc.edu/FFEEA96369DED0A6983BA9341ED403BA232D01E79AF48F41BD1A07DCFD11BD1D","category" :["humanDecision", "realmOceanFeature"]},{"id" :"polar.usc.edu/FFEF0E2328A5A8DB7C0961D0E38A5D046A2B004251580D0E1032C882A21105D5","category" :["matrOrganicCompound", "propRotation"]},{"id" :"polar.usc.edu/FFEF24E92A661E2EC42C67D500C9C44A969090CA473275E90085D227E9288DA6","category" :["phenAtmoTransport", "stateRoleRepresentative"]},{"id" :"polar.usc.edu/FFEF2BF2B559438E3B7FFB1007BB24F5AC332ED20F7FA054E91C06CFCBDF6F54","category" :["matrParticle", "stateRoleImpact"]},{"id" :"polar.usc.edu/FFEF4DA18803C9AFDEDDC01B929DAB876D67F9467A92C1CCB82D48FECB33459C","category" :["phenAtmo", "realmCryo"]},{"id" :"polar.usc.edu/FFEF73479E62B657C36CBBA8B020D15575E5912692D6329EF0BD791C9BF6D0B1","category" :["phenElecMag", "reprDataFormat"]},{"id" :"polar.usc.edu/FFEF80ABF21863489EC4E035984E5C03164DE86E5C684D3A1E511E1F2B533CE3","category" :["phenCycleMaterial", "reprMathSolution"]},{"id" :"polar.usc.edu/FFEF84CBE320221F9C738477458A214D895152A1CBA591D1F50114D145F39698","category" :["matrFacility", "reprTime"]},{"id" :"polar.usc.edu/FFEFBC9910CA524235C4B3833B04CC57ACB9FC426A7562830B5BF91B07471EA0","category" :["propChemical", "human"]},{"id" :"polar.usc.edu/FFEFD84028AB504BA7F30283DE1CDEB15A1B5E2091A294C5383DA9B65AC26649","category" :["phenAtmoPressure", "relaSpace"]},{"id" :"polar.usc.edu/FFF0138D647282E176A8E9371454D58974B3E56A3C002710CE44406DAE92AA8E","category" :["phenAtmoFog", "reprTimeDay"]},{"id" :"polar.usc.edu/FFF0297B17031B66A0F481F14D1E74D1E6D1E5C53C7DFCF42CAD0E36E44A6654","category" :["phenOceanCoastal", "propSpaceDistance"]},{"id" :"polar.usc.edu/FFF03AE1499B8CE87DF3E1C0D6D58A78C24DA1334EF80282E2D9181B8709A339","category" :["humanTransportation", "propSpaceHeight"]},{"id" :"polar.usc.edu/FFF05FF5B386AA0672C2541408645310F22D8B361B15B3DC618D3C89BD0531CC","category" :["phenAtmoWindMesoscale", "realmHydro"]},{"id" :"polar.usc.edu/FFF070316B8268DD7E90F25161CCF76588B041E361AAD922775A0938693AEA94","category" :["phenAtmoCloud", "reprSciFunction"]},{"id" :"polar.usc.edu/FFF075E99E9EB39B833B58BECA438FF4EB96779BB5C9592233496D2D7DEC725C","category" :["matrWater", "realmLandTectonic"]},{"id" :"polar.usc.edu/FFF083F82B7D58E7504A2CBDAE6F53B7D1EF23B86525A59F48F95DB27BC6A5DE","category" :["phenAtmoWindMesoscale", "stateSpaceConfiguration"]},{"id" :"polar.usc.edu/FFF08887CA28209FAB9BE8257045A76FFC90955F3B1704565F8FF2DF0C7D6A46","category" :["phenHydro", "reprSpaceReferenceSystem"]},{"id" :"polar.usc.edu/FFF0915162C93AA3B3A02FE4FF898C7463FBDA2CF0F558407391CC46078069E7","category" :["humanCommerce", "reprMathFunctionOrthogonal"]},{"id" :"polar.usc.edu/FFF0A31A78B4DB51C4B22D189ADB98BCE2218946FA67DD23FB7935241071AB3F","category" :["humanKedgeDomain", "propTemperature"]},{"id" :"polar.usc.edu/FFF0BCDDEDF25D8CBC05A3CDF0C5ABABE0A9E399AD15C7892DE41E954DD9ABCC","category" :["phenWaveNoise", "realmOcean"]},{"id" :"polar.usc.edu/FFF0CEB0B11685DD54AB3E7679D772A5669592C2E290B56D6B56EC7E76023E4E","category" :["phenGeolGeomorphology", "stateFluid"]},{"id" :"polar.usc.edu/FFF0F323E43FECB5A106F3EFB674BD3E4BE5983BB5BE9C5EEFE919B3EB82A022","category" :["matrSediment", "reprSpace"]},{"id" :"polar.usc.edu/FFF0F80B569C68DD000D772A73242892BD5E0E2A842765AD70B8FEDC7C6FDAFF","category" :["phenHydro", "reprDataServiceGeospatial"]},{"id" :"polar.usc.edu/FFF1053CA628FF2B4225D761BBD1ABBD178F144D63B6BE73A3CDCB122EC7A27F","category" :["phenEcology", "reprSciModel"]},{"id" :"polar.usc.edu/FFF11895F745A88CA8B969A509C03EC02D33CD3EA3DB4E3658D584B8D7E7EB3C","category" :["propDifference", "reprDataModel"]},{"id" :"polar.usc.edu/FFF127E3ED0D65ECA37A4AF088173B168EA3BDB862D3F4314A3C44CDEC03C699","category" :["matrIndustrial", "statePhysical"]},{"id" :"polar.usc.edu/FFF14C28AA03692C69CB9AB02AB67AEF7369DAA6182138D881FDF4428F23B3A0","category" :["propCategorical", "realmAtmo"]},{"id" :"polar.usc.edu/FFF15192428AE3874D059D6238C8E1086AB6101F1B7EDB70E7AF4E7BE8D4A65A","category" :["phen", "realmRegion"]},{"id" :"polar.usc.edu/FFF158D7CA96C55741BECAC9C8008159A20B03FED9AB1B6C21965FACE59D24C7","category" :["phenGeol", "realmHydro"]},{"id" :"polar.usc.edu/FFF16402F1A945808AFA9AEBA0AC4666146C2F835460659460EB98B92BFCBC7D","category" :["phenGeolSeismicity", "propPressure"]},{"id" :"polar.usc.edu/FFF1708069496370FF80F0453C1CB50CC025212CB77C5A8D9929172F7BB918C7","category" :["propConductivity", "realmGeolBasin"]},{"id" :"polar.usc.edu/FFF17E62891814E8C0FD1986B34CA32771D662E62FB08AC07C5200D3E6166F23","category" :["matr", "realmLandVolcanic"]},{"id" :"polar.usc.edu/FFF19D8C0CB2748691B934B7F6BC086F7FDE4B0D0657184DFF9CDB4F897BCDB6","category" :["phenSystemComplexity", "realmAtmoWeather"]},{"id" :"polar.usc.edu/FFF1A5B909CC8D769050B189607CB516AEF0CBBC5A3412A47A8E05C7EDDC0F6C","category" :["phenElecMag", "realmHydroBody"]},{"id" :"polar.usc.edu/FFF1ADB10B9D6D27E933CBF39125A40F8233D379E0EB0568AD8F3E58576FF41A","category" :["phenGeol", "realmLandVolcanic"]},{"id" :"polar.usc.edu/FFF1C85003489CFB03453EAB7859695D49094683787C27BF00CEA8E6EB1316BD","category" :["matrIon", "relaClimate"]},{"id" :"polar.usc.edu/FFF1CC9F49F7FBE6C523EDAEB0B1F6A0A5AEFE46B7F4AD00AE4244530F47990B","category" :["phenWave", "propTime"]},{"id" :"polar.usc.edu/FFF1D1167490F1A22C5A490A5E4B1F51E2C090D1755158FD8FEA90369C98F02E","category" :["phenGeolVolcano", "stateSpace"]},{"id" :"polar.usc.edu/FFF1D2C54688CC61FD6F5849B3FCEDA2182F5A8737EF0969FFC262E29B337263","category" :["phenAtmoCloud", "propTime"]},{"id" :"polar.usc.edu/FFF1DB346DC8A323CB996E14D7C9AB9BDE9D224DC1E0860111497AD233D7F876","category" :["humanJurisdiction", "relaPhysical"]},{"id" :"polar.usc.edu/FFF1F2C90B02B057AF0FE4E63E796018662267D296AD33DB305456C3A1C29D7F","category" :["phenBiol", "realmGeolBasin"]},{"id" :"polar.usc.edu/FFF204F4B18C9AD817F07F1898348B977D7F1EBEAEEC27E5ADC3E32AABED29CA","category" :["matrPlant", "reprSpaceGeometry3D"]},{"id" :"polar.usc.edu/FFF239EFBB964071C64972B8C8DCE9DC5BC10F3AD0632132B6B1FC0D24027A91","category" :["prop", "reprMathStatistics"]},{"id" :"polar.usc.edu/FFF25A7DFA095C76AF5C12257174F0D9B78FF3EC72DA5F857DB4F5E8FFCA94B9","category" :["procPhysical", "reprDataServiceValidation"]},{"id" :"polar.usc.edu/FFF2D041A714B891EA6B5937D599797842CF97281AEBE52BE7E1E4C9CAAC3484","category" :["procPhysical", "propFunction"]},{"id" :"polar.usc.edu/FFF2E612C9A8B2F6557C0BB8BA8E4AA3EEDB1FDEB6FECD4768C93F6DA02B1353","category" :["phenAtmoLightning", "reprDataService"]},{"id" :"polar.usc.edu/FFF2E8288795263591B1B6B48F81FD04887A233DA77A1E5CB5F846E664765D76","category" :["phenPlanetClimate", "stateOrdinal"]},{"id" :"polar.usc.edu/FFF2F4D875FB86B3674B27017F74EB47A3A97715257263F9AE21D0EE7B3E5E07","category" :["humanEnvirStandards", "realmGeolConstituent"]},{"id" :"polar.usc.edu/FFF30F36DCB83049180F1CAA0CE3F5264F641EC854B7D5D4A46469A9373967C9","category" :["matrIon", "stateTimeCycle"]},{"id" :"polar.usc.edu/FFF31BEC649DB14AC864F879816521FFC07104A0AEF60F904DBB870D13911AA7","category" :["humanResearch", "realmLandform"]},{"id" :"polar.usc.edu/FFF366EE550AA095915A467C8D98513ACDDA42790558DAE460653B8E3653F1B2","category" :["proc", "stateThermodynamic"]},{"id" :"polar.usc.edu/FFF36C61EFDCEDAE5DBE38DEBFE780D3DB783E0EA45CE7863FF490884C0661AF","category" :["phenCycle", "stateRoleTrust"]},{"id" :"polar.usc.edu/FFF37EC0E19CD815C64AA0C66C4D3DFC035DBA9F43A5143FBEA6E775DD412A00","category" :["phenAtmoPressure", "reprDataFormat"]},{"id" :"polar.usc.edu/FFF383A33F77940C489B93186E442B47C565EBE7B95409AB40BE3528F66FB3D6","category" :["phenWave", "propSpace"]},{"id" :"polar.usc.edu/FFF38EE3C6C8CF43DB86374AA9909F7CF2F85AF0684AA7352B28D32CF4BAC72D","category" :["phenFluidDynamics", "realm"]},{"id" :"polar.usc.edu/FFF399E326B8831A13C12350A8C5EEDDBB12B1AED3F1F6D6A8B4752FA4B65A33","category" :["proc", "reprSpaceGeometry"]},{"id" :"polar.usc.edu/FFF3D1D56B90AA65289E56BBF03BC51EC62ED91808EEAAA29F38DBD7293CD2FE","category" :["phenElecMag", "reprDataServiceGeospatial"]},{"id" :"polar.usc.edu/FFF3E2325C29D0E543F559740A9311A7D5732ED6861425A9B2CBDEB6D0D33341","category" :["phenGeolGeomorphology", "reprDataServiceReduction"]},{"id" :"polar.usc.edu/FFF3E9BBC245BD46D6E14F002C01A0F7FD987AEE38698CCFD2FBB3A3E4A92BE6","category" :["phenGeolGeomorphology", "realmAstroStar"]},{"id" :"polar.usc.edu/FFF3EFE5A65F0EA46171E2B86379FEDD308E12F025C8435F37968368FD22C2F9","category" :["matr", "stateEnergyFlux"]},{"id" :"polar.usc.edu/FFF44BF915409CF18D0DE593B5B79528495E7AE513ED5886C42875480E40D2A0","category" :["matrMineral", "reprSciModel"]},{"id" :"polar.usc.edu/FFF476BB12CE537F4FB4239C652D5E2529A8E0EDA5A8BC5ABA7BBA713BD491EE","category" :["phenSystemComplexity", "stateStorm"]},{"id" :"polar.usc.edu/FFF4AB1C5143F8258FB93F79211220E9300B5AD0858E2712689757CAB685993C","category" :["matrIon", "propSpaceMultidimensional"]},{"id" :"polar.usc.edu/FFF4AE2B686D7FD4C116A54D6DBDD687857814395EA3ACA214201DEAF56E0DB7","category" :["phenWave", "reprDataServiceReduction"]},{"id" :"polar.usc.edu/FFF4EE4E25859003E5651E4AA93BA0DC7D62961D520E85ED768F0C7931107BB3","category" :["humanJurisdiction", "relaTime"]},{"id" :"polar.usc.edu/FFF4F47F3A317617F4116B06EF0F8B4954F6F8DE5C8F3D763FEA3BAAFB97425E","category" :["propCharge", "realmAtmoBoundaryLayer"]},{"id" :"polar.usc.edu/FFF4F934A3B0A8AF155747C2D4161AD3E1535BD5E960279A6AD7825B2B90935B","category" :["phenAtmoCloud", "stateTimeCycle"]},{"id" :"polar.usc.edu/FFF507171BF2939C0A13E1E71086477599B31462DD7AF21C56DA3E68ECD5C482","category" :["phenEcology", "stateSystem"]},{"id" :"polar.usc.edu/FFF516D03ED5E8D590380DB88619945DBF98F8712040C1F2CE31A410D6833AD2","category" :["propEnergy", "realmLandTectonic"]},{"id" :"polar.usc.edu/FFF54FA49BBA5BDF9E90B2F1401B2F15EFF4BC77671B6190369AADFAD408B06A","category" :["matrAnimal", "reprMathFunctionOrthogonal"]},{"id" :"polar.usc.edu/FFF5B561B27CE1DBDCBFBA3F4947CDA57B6F5FB3F1951C1BEB924779B1D72CE1","category" :["matrElementalMolecule", "stateStorm"]},{"id" :"polar.usc.edu/FFF60D4DD7A16719B2FA6CFD28B7A3F087E2260D4F88FCD20F2870A7B7C6AF75","category" :["phenEnvirImpact", "realmLandProtected"]},{"id" :"polar.usc.edu/FFF63C7BBF04DBD5356F31554AB8E1C164042440B16661A2EC0A0D5A1BEC3EEE","category" :["phenPlanetClimate", "relaSci"]},{"id" :"polar.usc.edu/FFF68EAD48DB9B4CC99AAE7137B0F546BDF364A03F1C8F0FD611C03ECFA4979B","category" :["matrPlant", "realmLandGlacial"]},{"id" :"polar.usc.edu/FFF6919AA36690D3E61413D182F88FF5B8B585BBB5E1C4E8B47AFA7AE92CF916","category" :["phenAtmoFog", "reprSpaceGeometry3D"]},{"id" :"polar.usc.edu/FFF6A914709FAADAE49EE5811656656964DEB98B6DBC6ABD91F052261A5057A5","category" :["matrNaturalResource", "relaProvenance"]},{"id" :"polar.usc.edu/FFF6DA30384A410D837510C2BCD3DA40E53D388F703CF0AADD962EB64200E238","category" :["propCount", "realmEarthReference"]},{"id" :"polar.usc.edu/FFF6EC0D9B164D00EAB67417AEF4A14FC647BEF45846E198A8DFB7F8ED8C360C","category" :["procPhysical", "realmCryo"]},{"id" :"polar.usc.edu/FFF7361C675C5FC634D796D5828CD71727EE69306BFAC01625BCA530D91C1228","category" :["humanTechReadiness", "reprDataServiceAnalysis"]},{"id" :"polar.usc.edu/FFF75F78E84AC26D82C0C408992988B4661ABCDDE8D2BDA4C02A2A79106C4C46","category" :["phenSystemComplexity", "relaClimate"]},{"id" :"polar.usc.edu/FFF76BD0354951658867873B8FA0FED548016E34E037E526602067E12870C945","category" :["phenFluidDynamics", "propQuantity"]},{"id" :"polar.usc.edu/FFF7735FF9D6FE87FF0D80F471A60436A8B6373096801BAA1AB6B69882FA4716","category" :["matrAerosol", "reprMathFunctionOrthogonal"]},{"id" :"polar.usc.edu/FFF7931037A3FF04F5A7052A996D3F140D603ACF8A47FAE5780BD78E863FDC89","category" :["humanTechReadiness", "stateDataProcessing"]},{"id" :"polar.usc.edu/FFF7D348DD8FE96A1C749D412BE44B088296C3787BE09D8328E40CE175E97AF3","category" :["humanAgriculture", "relaSpace"]},{"id" :"polar.usc.edu/FFF834D9B81BB10F9C3E9D11BB7DCF41488D506DF8D10379813605C7F562CFD8","category" :["humanTechReadiness", "reprDataServiceReduction"]},{"id" :"polar.usc.edu/FFF840D09909C4C272B29EE5B5A1D94069E84899B81DABE4E8B608A8199AD845","category" :["matrRock", "realmGeolOrogen"]},{"id" :"polar.usc.edu/FFF8440D9E5545FB4400C2650BDFA369EB950E22387C5EF784E4BCEA8A90820B","category" :["phenFluidTransport", "reprDataModel"]},{"id" :"polar.usc.edu/FFF8539C695541B8037B8A8F0820BD08AE828848A63CC5246272662BF6730992","category" :["phenHelio", "relaTime"]},{"id" :"polar.usc.edu/FFF858C8064014E8210F8CF6C70F838B2DF388091DB30216E5236229135116D5","category" :["phenEnergy", "reprSpaceCoordinate"]},{"id" :"polar.usc.edu/FFF87A77A31C9E2B541366AAC965BDD4D4D9B5A7DFE427B2231555FA897885D5","category" :["humanJurisdiction", "realm"]},{"id" :"polar.usc.edu/FFF8C9DED7187BA75DB9AE5C769430C1A6994D7A75C2E60204A291CFAED0C264","category" :["phenWaveNoise", "human"]},{"id" :"polar.usc.edu/FFF8F931DF97257EB1075262B57D711C49E262EBE2DC4C7283E0346427FE5911","category" :["phenFluidInstability", "relaHuman"]},{"id" :"polar.usc.edu/FFF8FEBA13C323F90F79C89946B236A215455753E9AC55EDF2047984AB3DB79C","category" :["humanEnvirControl", "realmAstroHelio"]},{"id" :"polar.usc.edu/FFF9110F31D5E743D6CC5E6BA6EA786411F2E711CEA7E462FF231EEEA7ABBC18","category" :["phenHelio", "realmLandProtected"]},{"id" :"polar.usc.edu/FFF926A58288E226AED2AADBDBBF47BC307222C0F24FFE1ADD9CD76A707AE12F","category" :["phenFluidTransport", "stateRoleRepresentative"]},{"id" :"polar.usc.edu/FFF9276DBF51C61437D1D085886F52C9E27E5D2A1B6E5A4BFBD1B55ACB308A45","category" :["matrMineral", "relaMath"]},{"id" :"polar.usc.edu/FFF93B0E6ECE01CE1221E2BDF43383E619F0B48D5CEAB071827CAFE10CBCEA25","category" :["matrWater", "stateBiological"]},{"id" :"polar.usc.edu/FFF948E629F9080B3D209BD5BDB43A91A5A2E344A436CB8304F0D1412CD23F64","category" :["matrElementalMolecule", "reprMathGraph"]},{"id" :"polar.usc.edu/FFF94A979350FCA12C617DC80BAD1CF05DF087132676D567DA7AC3363B25F43B","category" :["humanTechReadiness", "stateStorm"]},{"id" :"polar.usc.edu/FFF98D2B57A390A8D2D8F75183E7AF69B543DD70B394688B6050F322739466E1","category" :["phenGeolVolcano", "realmOcean"]},{"id" :"polar.usc.edu/FFF98D8AA60DDD5F25EC7A3AE1D00551D86054C014407F90871541220FDF0FBC","category" :["humanAgriculture", "reprDataServiceAnalysis"]},{"id" :"polar.usc.edu/FFF99B91EAE66CB9AEDD51840F97900159C0BEFDE5B5FC61AAF6170582DC9F20","category" :["propCategorical", "stateTimeCycle"]},{"id" :"polar.usc.edu/FFF9A434C434D30636C0212F0359E1BF2A2A167895CD4228ACF7179C4C40FA1F","category" :["matrIon", "propSpaceLocation"]},{"id" :"polar.usc.edu/FFF9B83A45EDEF2E9238DD71FF08A7B6720E45FF925FF830EB54FDDF6EA2E71E","category" :["propEnergyFlux", "state"]},{"id" :"polar.usc.edu/FFF9BEE9CCCCBBB0E4F4416EFFE7564428BDE3FF86329BAA6E5E3C1FF010797A","category" :["matrAerosol", "realmAstroStar"]},{"id" :"polar.usc.edu/FFF9E76191D8B31338008A4EF20560D97613FD49EE498D07502EA8CEACA2DE83","category" :["matrFacility", "reprMathStatistics"]},{"id" :"polar.usc.edu/FFF9FF4D8D2FE03C9A164F2E0C3C632E72BE482A7CFA753B031EDAFFF67BEA60","category" :["phenGeolSeismicity", "rela"]},{"id" :"polar.usc.edu/FFFA021F434631223F397CBDA74BBFED94097773A22AC0087349727D60687F13","category" :["matrElement", "reprDataServiceReduction"]},{"id" :"polar.usc.edu/FFFA19C57E474F8BB4B9957489EA50D870818C41770A947F10A6271A25A08EC6","category" :["propEnergy", "stateTimeGeologic"]},{"id" :"polar.usc.edu/FFFA329EC8D08E5787D5BEA8C2D694DE01E22217C35736B64EDE462B59F0FC26","category" :["phenAtmo", "reprMath"]},{"id" :"polar.usc.edu/FFFA48E452766E1CBBA001A7B4895000791CB375F0F27B2CAF70F890E21EB521","category" :["matrSediment", "realmGeol"]},{"id" :"polar.usc.edu/FFFA8FFFF435CA26BEE3F547171C1B195E5FD857D394FAB3915658328FFF5A1B","category" :["propDiffusivity", "stateRoleRepresentative"]},{"id" :"polar.usc.edu/FFFAB5589E0FAE06AD34A94ED7AE46226A4BBAFCA7A420E836D5BB6CA20BA047","category" :["propMass", "relaPhysical"]},{"id" :"polar.usc.edu/FFFADF307CE6F8E652FA25464F53409DF5E270FC985C4630BF7FA597406EB916","category" :["phenGeol", "stateTime"]},{"id" :"polar.usc.edu/FFFAEC673CED80DB23F9140C1AD17A1BBF04BD0AFB96781D62D0630AFB95B721","category" :["matrEnergy", "relaClimate"]},{"id" :"polar.usc.edu/FFFB10C55E45B102067B2D979F4E47D0D0D5064D89F7F26339F9EF900EB8FAEA","category" :["phenFluidTransport", "realmBiolBiome"]},{"id" :"polar.usc.edu/FFFB3CC1FD3DC43A43F2383AD700EB8BE6DB90F4B8A989E5D345D74A887AB817","category" :["propDimensionlessRatio", "realmGeolOrogen"]},{"id" :"polar.usc.edu/FFFB83638F04D584FD5B3554086E29BF38495BBD0A01E55AE80F2E69F258FDBC","category" :["humanEnvirConservation", "reprSciComponent"]},{"id" :"polar.usc.edu/FFFB876458E0772138F7AD541780EBA1716DCFC7250B716E19E5D21A895DAB49","category" :["phenCryo", "propSpace"]},{"id" :"polar.usc.edu/FFFBB30327A2E101B831B7A4BE7324E0C68895A3DE8FA51DEA04A43536878F91","category" :["humanDecision", "stateSolid"]},{"id" :"polar.usc.edu/FFFBC71BBE2E2E15AD2B061CBD5AA2360410CAF41AA0D4D2B8B245CC86CF5397","category" :["phenCryo", "reprSpaceReferenceSystem"]},{"id" :"polar.usc.edu/FFFBDF8D34C6A10D4412257431945BAAC379766739888BAB09FEED00EF0EE912","category" :["phenCycle", "propOrdinal"]},{"id" :"polar.usc.edu/FFFC44DD6947A884286BCB12C9585531ABC3EF46F2B756E3937620CB4A457934","category" :["matrNaturalResource", "realmAtmo"]},{"id" :"polar.usc.edu/FFFC5673B392BEB4052F31BDCEB893EB18E65E60562C60D1FA505111F0EEE703","category" :["phenElecMag", "stateOrdinal"]},{"id" :"polar.usc.edu/FFFC6B2178CFBF59B2AA044CC612FC0305E7F3910C04819BC4788374D9BA37E9","category" :["phenGeolFault", "realmAstroHelio"]},{"id" :"polar.usc.edu/FFFC6CCB51E65137553BE6FEA3D64326DC23D605D6202D825F59BE1D3000355B","category" :["phenAtmo", "stateChemical"]},{"id" :"polar.usc.edu/FFFC8F457FE29C28D4C4A74140161595FF45419831C21ADE617471C3112B9260","category" :["proc", "relaChemical"]},{"id" :"polar.usc.edu/FFFC9B4F2488325A0242CA1A7BCEBD80337C578C2F6AB9DF6BADCE1EF8090EA8","category" :["phenSystem", "reprDataFormat"]},{"id" :"polar.usc.edu/FFFCB3E3373C01992053D1C32406148ECBF8650DA03A1F6AC262A2479C537A30","category" :["propEnergy", "repr"]},{"id" :"polar.usc.edu/FFFCB96DFA781F6F7ABE3AD725DC5EB1A2401F9578E2BBB7417A7A01861A8C9D","category" :["matrAerosol", "reprSciMethodology"]},{"id" :"polar.usc.edu/FFFCCC3794717738A4900BD037B9588AAD8302E6EA0C18D0EABE86685235BFFD","category" :["phenBiol", "stateSpectralLine"]},{"id" :"polar.usc.edu/FFFCFC9A7388C558E824D741F5C50DC381CB72E61D0D31F22FA1EDFE7CB9C10F","category" :["matrWater", "stateSpectralLine"]},{"id" :"polar.usc.edu/FFFD005BD971B988965C1CAB3475C4FA60DF3240AFC212B4D95934BD12E59724","category" :["humanEnvirConservation", "reprDataModel"]},{"id" :"polar.usc.edu/FFFD178BE90FB3029E2F770D16CA06B36BA59BABDF4D9199549D89BCE9B4A250","category" :["procChemical", "propOrdinal"]},{"id" :"polar.usc.edu/FFFD1D2EAA66A31D7554CC7702786F7E59E347C7D4674CB09862CBF82166F0C6","category" :["matrIon", "stateRoleRepresentative"]},{"id" :"polar.usc.edu/FFFD3B5840A59F6562BC3FC834EE205E38450C35E313C1E3A030BD815BE19FC4","category" :["phenGeolSeismicity", "reprDataModel"]},{"id" :"polar.usc.edu/FFFD3DDE78C53F153B0396A91EDB30D5A8B282D162D9576B863CDD1F910B84AC","category" :["phenAtmoCloud", "reprSciLaw"]},{"id" :"polar.usc.edu/FFFD57E604AC4BA164373597E450EDFCBC0A0A1AFF73A12F67E366CD1E0B9F77","category" :["phenAtmoPrecipitation", "stateBiological"]},{"id" :"polar.usc.edu/FFFD625270066F0E3AF21F99237886942835DA6BB8B437920ECBB27BB1675FE6","category" :["matrEquipment", "human"]},{"id" :"polar.usc.edu/FFFDA74825AF1E85B223ECF2BAA25190C372D394EFF8492DD49DE676966175C2","category" :["prop", "realmAstroStar"]},{"id" :"polar.usc.edu/FFFDB30815C23CFBC86848D65C6EBE486E56B6A684574D703F5524F30BE3FA7B","category" :["humanEnvirAssessment", "propSpaceDirection"]},{"id" :"polar.usc.edu/FFFDCE83709741101DF2B9FC505C71886FC0A111B1189A7B412B4777C8C21A15","category" :["matrIndustrial", "repr"]},{"id" :"polar.usc.edu/FFFDE52E61A797D9047F11C16B5F412416A52D4601CA9E88A000A9EA7BF001BD","category" :["matrEquipment", "realmAstroStar"]},{"id" :"polar.usc.edu/FFFE2197FC1F2D8CB60B74117E10EB1035D3B517443E3C3E1C70C746B08FEEE0","category" :["propCapacity", "realmRegion"]},{"id" :"polar.usc.edu/FFFE3762D639CC36F177CEE4456485FA92A2E79F6F4C52CC92FB1A3E0FD4B541","category" :["phenEcology", "stateSpectralBand"]},{"id" :"polar.usc.edu/FFFE49FEDEDCD25CD27B19ACCD37DDCE6C324ED6A53BD3F3294D6F0AE62FEB9B","category" :["humanResearch", "realmGeolBasin"]},{"id" :"polar.usc.edu/FFFE5782902B458C2664C71AF31B60F3FF8A8CC5E131CA2B9F55729839CD9F32","category" :["phenGeolFault", "reprMathGraph"]},{"id" :"polar.usc.edu/FFFE60CE16B1F6BEF6865B2512EEEDC8594F98E24F0D756F9094E15947850E80","category" :["matrElementalMolecule", "propRotation"]},{"id" :"polar.usc.edu/FFFEB9577AD7ECFEDD2BBCE15142DD167DB74374C571F45BABE11F9074CA3205","category" :["prop", "realmGeolBasin"]},{"id" :"polar.usc.edu/FFFECD4BB4DC78B7EC29DE8E90800A8D4F6C073D66E788E3A4EB16DC05EBA2CA","category" :["human", "realmGeol"]},{"id" :"polar.usc.edu/FFFEEEEB529708F433941FF0A13101ED3C5B657836BB2074E13DAFFB793C78A9","category" :["matrInstrument", "repr"]},{"id" :"polar.usc.edu/FFFF032C9CB5181ACCCA058861F17AC550C4CBF57785D7F96B4E46AD4103C719","category" :["humanKedgeDomain", "stateRoleRepresentative"]},{"id" :"polar.usc.edu/FFFF15C7ED80A5262C4CE4E8734F6156E3E0F934CBDA5795508950454AF50D25","category" :["humanTechReadiness", "stateVisibility"]},{"id" :"polar.usc.edu/FFFF305EEDC3B44A01D2CA9327DEEEC5E1E2A50BF08BF3D1AF6D45F7D8A4D637","category" :["procWave", "reprSpaceDirection"]},{"id" :"polar.usc.edu/FFFF4EC5D3126C27D75F19FA4FF139A5BADBD8D5C96BE4E520970A43790A26C7","category" :["matrIon", "propQuantity"]},{"id" :"polar.usc.edu/FFFF8BADDD91B0810736C08230B8E7E48BF707E9AD29836595E57F55BD95F806","category" :["phenGeolVolcano", "realmOcean"]},{"id" :"polar.usc.edu/FFFF9C7DDCCD4EA690C9F216201814AC9E1D7379352875992752BF83CBF7E875","category" :["matrRockIgneous", "reprMathStatistics"]},{"id" :"polar.usc.edu/FFFF9E457705B050F8A7DCE1485B35ECCE72E9D11C676E9F2B2EC7D3240C1734","category" :["matrRock", "stateRole"]},{"id" :"polar.usc.edu/FFFFA5B025AAE6B0C6FBF253A29585E7D125A195D73A6A6470B36A1AE89F1B32","category" :["procPhysical", "realmGeolBasin"]},{"id" :"polar.usc.edu/FFFFB61586FCA42D29EE80C3DE90D2729CCA4BABD894D708B378A96687CCAAB4","category" :["phenAtmoCloud", "realmLandFluvial"]},{"id" :"polar.usc.edu/FFFFB85A49DE46F8918C4A1F1C29E6F792265609FF01D3E03CA3E62D4755B5A4","category" :["proc", "stateFluid"]},{"id" :"polar.usc.edu/FFFFC2A7AB876EF3242B355A22029E154845145260FEAFAB8646AF058374D68E","category" :["phenCycleMaterial", "propTemperatureGradient"]},{"id" :"polar.usc.edu/FFFFE4B6F0E0A6A004E8A06FCE735D8FC820455E776605E6895B444DCFE7EB77","category" :["humanEnvirStandards", "reprDataProduct"]},{"id" :"polar.usc.edu/FFFFE527EBE3598C61960438172AA64E886313B76C4FD46A67297E7ED863E289","category" :["humanKedgeDomain", "propTemperatureGradient"]},{"id" :"polar.usc.edu/tika-server-1.11.jar","category" :["propCategorical", "reprDataModel"]},